label_group,posting_id,title,clean_title
1141798720,train_3497907844,ARSHOP MAYCREATE MOISTURIZING UV SPRAY 150ML (1 KG MUAT 6PCS),arshop maycreate moisturizing uv spray 150ml 1 kg muat 6pcs
3489985175,train_1734882388,TZUKI SOAP 1 PCS,tzuki soap 1 pcs
3489985175,train_3043787667,SABUN TZUKI,sabun tzuki
1141798720,train_4175229751,\xe2\x9d\xa4 RATU \xe2\x9d\xa4 MAYCREATE MOISTURIZING SPRAY - LOTION SPRAY MAY CREATE 150ML ORIGINAL,xe2 x9d xa4 ratu xe2 x9d xa4 maycreate moisturizing spray lotion spray may create 150ml original
1746655739,train_3879247647,(Bundling 2 Pcs) Acnol Lotion 10Ml Acne Lotion Obat Jerawat,bundling 2 pcs acnol lotion 10ml acne lotion obat jerawat
1141798720,train_2930186018,MAYCREATE MOISTURIZING LOTION/WHITENING SUNSCREEN SPF 50,maycreate moisturizing lotion/whitening sunscreen spf 50
3489985175,train_2856183961,"SABUN PEMUTIH TZUKI ORIGINAL PENGHILANG JERAWAT, ANTI AGING DAN FLEK HITAM",sabun pemutih tzuki original penghilang jerawat anti aging dan flek hitam
3489985175,train_1420726013,Tzuki Beauty Soap,tzuki beauty soap
3113678103,train_37143550,832P - FLEXIBLE Sambungan Kran FLEXIBLE irit air Keran Splash shower--168--,832p flexible sambungan kran flexible irit air keran splash shower-168-
3206118280,train_1192670857,Some By Mi Yuja Niacin 30 Days Brightening Trial Kit - Yuja Niacin Kit Original 100%,some by mi yuja niacin 30 days brightening trial kit yuja niacin kit original 100
731330024,train_925544261,TISU TEMPERED GLASS 2 IN 1 (isi 10),tisu tempered glass 2 in 1 isi 10
562358068,train_1251926547,"VIVA Cleansing Milk, VIVA Air Mawar, VIVA Face Toner 100ml",viva cleansing milk viva air mawar viva face toner 100ml
994676122,train_4184037897,KARET KUCIR PREMIUM,karet kucir premium
994676122,train_1010868925,100Pcs Karet Ikat Rambut Elastis untuk Wanita,100pcs karet ikat rambut elastis untuk wanita
452508504,train_2354107204,Stand Holder Hp Flexible 360 Gurita Car Holder Standing Hp Universal,stand holder hp flexible 360 gurita car holder standing hp universal
3001123709,train_1211751940,BREYLEE one set STEP 1 + STEP 2 OPEN RESELLER,breylee one set step 1 + step 2 open reseller
3206118280,train_1913451031,SOMEBYMI Yuja Niacin Kit 4 Item,somebymi yuja niacin kit 4 item
3926100920,train_2517685633,Gea Baby Kantong Asi 120ml Thermal Sensor / Geababy Breast Milk Bag Storage 120ml /Kantung Asi Bayi,gea baby kantong asi 120ml thermal sensor geababy breast milk bag storage 120ml /kantung asi bayi
952183003,train_2104971635,Pisau buah sayur sarung motif apel tajam dapur asah stainless,pisau buah sayur sarung motif apel tajam dapur asah stainless
562358068,train_576940044,VIVA AIR MAWAR 100ML,viva air mawar 100ml
562358068,train_2821917682,Viva air mawar 100ml,viva air mawar 100ml
452508504,train_1375793402,HOLDER FLEXIBEL FLOWER UNIVERSAL - HOLDER GEKKO - HOLDER BUNGA - GURITA,holder flexibel flower universal holder gekko holder bunga gurita
3001123709,train_608120401,LANBENA Masker Peel Off untuk Menghilangkan Komedo Hitam,lanbena masker peel off untuk menghilangkan komedo hitam
1746655739,train_3378866976,New Acnol Lotion / Acnol Gel - Obat Jerawat,new acnol lotion acnol gel obat jerawat
1237550763,train_1065906242,NEW WAISTBAG ALA KOREA - Tas Selempang Pria Wanita,new waistbag ala korea tas selempang pria wanita
871679006,train_1766600575,\xe2\x98\xaeFAYES\xe2\x98\xae U19 Ornamen Pot Bonsai Tanaman Bunga Bonsai Dekorasi Rumah Tanaman Hias Plastik Murah Import,xe2 x98 xaefayes xe2 x98 xae u19 ornamen pot bonsai tanaman bunga bonsai dekorasi rumah tanaman hias plastik murah import
4184214313,train_470412641,Hijab Instan Cadar Niqab Anti Corona / Khimar Masker Cadar / Khimar Syari Jersey Cadar /Khimar Niqab,hijab instan cadar niqab anti corona khimar masker cadar khimar syari jersey cadar /khimar niqab
1163569239,train_1671347582,SCARLETT SERUM - BEBAS PILIH,scarlett serum bebas pilih
1746655739,train_674056726,ACNOL LOTION FOR ACNE 10ml,acnol lotion for acne 10ml
159351600,train_207039286,Ready Stock - Gluta Collagen Soap By Beautetox / Sabun Viral Tiktok / Sabun gluta colagen,ready stock gluta collagen soap by beautetox sabun viral tiktok sabun gluta colagen
3489985175,train_376606672,BELI 2 DAPAT 3  ! SABUN TZUKI SOAP ASLI ORIGINAL MENCERAHKAN MENGHALUSKAN DAN MENGENCANGKAN KULIT,beli 2 dapat 3 sabun tzuki soap asli original mencerahkan menghaluskan dan mengencangkan kulit
3206118280,train_1848977122,SOME BY MI Yuja Niacin 30 Days Brightening Starter Kit 4 items Somebymi,some by mi yuja niacin 30 days brightening starter kit 4 items somebymi
1746655739,train_1457505137,Acnol lotion 10ml,acnol lotion 10ml
1091404026,train_1805210125,[IMPOR] DOMMO - D2009 Kaos Kaki Polos Semata Kaki / Kaos Kaki Ankle Cute / Socks Short Socks Sepatu,impor dommo d2009 kaos kaki polos semata kaki kaos kaki ankle cute socks short socks sepatu
3206118280,train_302248318,Somebymi Yuja Niacin Brightening Starter Kit,somebymi yuja niacin brightening starter kit
1091404026,train_1989561782,D060 JTFS KAOS KAKI POLOS KAOS KAKI BAHAN SPANDEK PLUS POLYESTER KAOS KAKI MURAH BATAM IMPORT,d060 jtfs kaos kaki polos kaos kaki bahan spandek plus polyester kaos kaki murah batam import
1163569239,train_1175819799,SCARLETT WHITENING ACNE SERUM,scarlett whitening acne serum
3206118280,train_617220857,Somebymi Yuja Niacin 30 Days Brightening Starter Kit (4 Items),somebymi yuja niacin 30 days brightening starter kit 4 items
3001123709,train_503422247,Breylee Serum Masker Peeling Penghilang Komedo Pengecil Pori-Pori Untuk Perawatan Wajah  Peel Off Mask to Remove Blackheads Step 1 & Acne Pore Serum Step 2,breylee serum masker peeling penghilang komedo pengecil pori-pori untuk perawatan wajah peel off mask to remove blackheads step 1 acne pore serum step 2
3113678103,train_513102842,DMR Sambungan Kran FLEXIBLE irit air Keran Splash Shower 0515,dmr sambungan kran flexible irit air keran splash shower 0515
1237550763,train_2458596748,Pushop Waistbag Pria Traveling Waterproof Professional Staye,pushop waistbag pria traveling waterproof professional staye
3001123709,train_3568427243,[PO) BREYLEE BLACKHEAD MASK,po breylee blackhead mask
994676122,train_1561375840,100 Pcs Ikat Rambut Karet Polos Elastis Gaya Korea untuk Wanita,100 pcs ikat rambut karet polos elastis gaya korea untuk wanita
3001123709,train_2850506812,Masker Hitam Peel Off untuk Menghilangkan Komedo Hidung,masker hitam peel off untuk menghilangkan komedo hidung
3926100920,train_2021356091,[BPOM] GEA Kantong Asi 120ml isi 30 Pcs / GEA Baby Breast Milk Bag / MY MOM,bpom gea kantong asi 120ml isi 30 pcs gea baby breast milk bag my mom
1091404026,train_1773789522,Kaos Kaki Angkle Polos,kaos kaki angkle polos
1091404026,train_1833837149,\xe2\x98\x80INDOLAND\xe2\x98\x80 R108 Kaos Kaki Polos Pria Wanita Bahan Spandek Plus Polyester Fashion Murah Import Batam,xe2 x98 x80indoland xe2 x98 x80 r108 kaos kaki polos pria wanita bahan spandek plus polyester fashion murah import batam
3926100920,train_1349865803,Kantong Asi Gea Baby Plastik Asip Breastmilk Storage Bag 120ml,kantong asi gea baby plastik asip breastmilk storage bag 120ml
452508504,train_2780411704,HOLDER VIP GURITA FLEXIBLE  HOLDER BUNGA HOLDER MOBIL MURAH MERIAH,holder vip gurita flexible holder bunga holder mobil murah meriah
1163569239,train_1525859862,SERUM SCARLETT ACNE & BRIGHTLY- SERUM WAJAH SCARLETT ORIGINAL BPOM,serum scarlett acne brightly- serum wajah scarlett original bpom
1163569239,train_1261404451,Scarlett Whitening Brightly Ever After Serum,scarlett whitening brightly ever after serum
731330024,train_3855533455,TISU TEMPERED GLASS ( 5 set ),tisu tempered glass 5 set
871679006,train_889623137,(READY-MEDAN) F1 BUNGA  ARTIFICIAL  FLOWER BUNGA PLASTIK HIASAN DEKORASI HIASAN POHON VINUS,ready-medan f1 bunga artificial flower bunga plastik hiasan dekorasi hiasan pohon vinus
3113678103,train_3524722132,[ACQ] Saringan Kran Air Flexible \xe2\x80\xa2360 [Kode A1],acq saringan kran air flexible xe2 x80 xa2360 kode a1
159351600,train_1619338643,GLUTA COLLAGEN SOAP BY BEAUTETOX SKINSUPERSTAR,gluta collagen soap by beautetox skinsuperstar
731330024,train_1824818423,Packingan Tisu Tempered Glass Case Casing Anti Crack Softcase Hardcase Custom,packingan tisu tempered glass case casing anti crack softcase hardcase custom
452508504,train_2190988910,Flexible FLOWER Universal Holder Gekko / gecko | Car holder bunga,flexible flower universal holder gekko gecko car holder bunga
562358068,train_3942479788,VIVA Air Mawar 100 ml,viva air mawar 100 ml
562358068,train_2262165918,VIVA Air Mawar / Face Tonic / Milk Cleanser 100ml / 200ml [toner penyegar / susu pembersih],viva air mawar face tonic milk cleanser 100ml 200ml toner penyegar susu pembersih
1141798720,train_515008716,Jakarta Maycreate Moisturizing Spray Melembabkan Sunblock Whitening Spray Spf 150ml 100% ORI,jakarta maycreate moisturizing spray melembabkan sunblock whitening spray spf 150ml 100 ori
994676122,train_2963630570,100/1000 Pcs Ikat Rambut Korea Karet Polos Elastis Gaya Korea Untuk Wanita,100/1000 pcs ikat rambut korea karet polos elastis gaya korea untuk wanita
66247839,train_1858791960,Sarung Tangan iGlove Sarung Tangan Touchscreen Smartphone dan Tablet,sarung tangan iglove sarung tangan touchscreen smartphone dan tablet
3113678103,train_983584924,Sambungan Kran Air fleksibel Filter air Anti Splash Shower wastafel kamar mandi toilet dapur,sambungan kran air fleksibel filter air anti splash shower wastafel kamar mandi toilet dapur
1163569239,train_1865413913,SCARLETT serum wajah NEW,scarlett serum wajah new
3113678103,train_305118117,SAMBUNGAN KRAN AIR FLEXSIBLE PENYARING KERAN AIR FAUCET FILTER K40,sambungan kran air flexsible penyaring keran air faucet filter k40
3489985175,train_3257875090,SABUN TZUKI ORIGINAL 100%,sabun tzuki original 100
3926100920,train_1625711585,[BPOM] GEA BABY /Gabag Kantong Asi 120ml / Breast Milk Bag isi 30,bpom gea baby /gabag kantong asi 120ml breast milk bag isi 30
3113678103,train_3082994608,Hub Keran Sambungan Keran Keranair Keran Cuci Piring Keran Angsa /Flexible /Kh106,hub keran sambungan keran keranair keran cuci piring keran angsa /flexible /kh106
994676122,train_2382946865,Korea women children hair tie head rope karet gelang elastis,korea women children hair tie head rope karet gelang elastis
952183003,train_3573325557,PISAU MOTIF APEL,pisau motif apel
3113678103,train_2281819964,Kings- H722 Sambungan Saringan Penghemat Air Fleksibel / Berputar 360 Derajat / Water Filter,kings- h722 sambungan saringan penghemat air fleksibel berputar 360 derajat water filter
3489985175,train_3466020680,[BELI 2 GRATIS 1] SABUN TZUKI SOAP - SABUN TZUKI PEMUTIH ORIGINAL BPOM,beli 2 gratis 1 sabun tzuki soap sabun tzuki pemutih original bpom
159351600,train_3721308865,KIRIM SETIAP HARI!! GLUTA COLLAGEN SOAP BEAUTETOX CHOCOWHITE WHITEMILKY,kirim setiap hari gluta collagen soap beautetox chocowhite whitemilky
952183003,train_2128176597,Pisau apel,pisau apel
3489985175,train_643267610,BELI 2 GRATIS 1 SABUN TZUKI SOAP BEAUTY BPOM ASLI ORIGINAL,beli 2 gratis 1 sabun tzuki soap beauty bpom asli original
1237550763,train_1652717296,Tas Selempang Pria Wanita,tas selempang pria wanita
3206118280,train_1511723047,[SOME BY MI] NEW Yuja Niacin 30Days Brightening Solution 4-STEP Kit,some by mi new yuja niacin 30days brightening solution 4-step kit
1163569239,train_943427380,SERUM SCARLETT ACNE & BRIGHTLY- FACE SERUM ORIGINAL BPOM,serum scarlett acne brightly- face serum original bpom
1091404026,train_2627628435,\xe2\x9d\xa4\xef\xb8\x8fGTB\xe2\x9d\xa4\xef\xb8\x8f R108 Kaos Kaki Polos Bahan Spandek Plus Polyester Fashion Murah Import Batam Cod,xe2 x9d xa4 xef xb8 x8fgtb xe2 x9d xa4 xef xb8 x8f r108 kaos kaki polos bahan spandek plus polyester fashion murah import batam cod
994676122,train_2486671168,Ikat Rambut Karet Polos Elastis Gaya Korea untuk Wanita,ikat rambut karet polos elastis gaya korea untuk wanita
3926100920,train_2486422784,Kantong Asi Gea Baby Plastik Asip Breastmilk Storage Bag 120ml,kantong asi gea baby plastik asip breastmilk storage bag 120ml
66247839,train_4183994442,IGLOVE TOUCH SCREEN GL100 / I GLOVE SARUNG TANGAN MOTOR GOJEK GRAB SB,iglove touch screen gl100 i glove sarung tangan motor gojek grab sb
562358068,train_2713325894,VIVA Cosmetics Air Mawar 100ml,viva cosmetics air mawar 100ml
1091404026,train_2556781752,RICISESTORE | KAOS KAKI PENDEK MOTIF TIGA WARNA LUCU / KAOS KAKI ANKLE WANITA MURAH / S03,ricisestore kaos kaki pendek motif tiga warna lucu kaos kaki ankle wanita murah s03
562358068,train_4024729812,VIVA Air Mawar 100 ml | Air Mawar Viva Pembersih,viva air mawar 100 ml air mawar viva pembersih
1237550763,train_219315523,TAS SELEMPANG PRIA,tas selempang pria
1237550763,train_4181834509,Tas Selempang Pria Wanita,tas selempang pria wanita
3113678103,train_406475183,GBI Sambungan Kran Air / Keran Hemat Air Berputar 360drajat Aerator Irit Air,gbi sambungan kran air keran hemat air berputar 360drajat aerator irit air
159351600,train_1851882944,[Ready & Resmi] Gluta Soap Beautetox Viral,ready resmi gluta soap beautetox viral
3206118280,train_4236392986,Somebymi Yuja Niacin 30 Days Brightening Starter Kit (4 Items) Mencerahkan Kulit Dan Anti Aging,somebymi yuja niacin 30 days brightening starter kit 4 items mencerahkan kulit dan anti aging
3113678103,train_2440428831,Sambungan Keran Kran Air Faucet Plastic Shower Head Water Saving - Spiral dengan rotasi 360 derajat,sambungan keran kran air faucet plastic shower head water saving spiral dengan rotasi 360 derajat
1237550763,train_1702727283,WAISTBAG AS - Tas Selempang Pria Wanita,waistbag as tas selempang pria wanita
994676122,train_61811259,50Pcs Ikat Rambut Korea Karet rambut Polos Elastis Gaya Korea Untuk Wanita kuncir tail rambut,50pcs ikat rambut korea karet rambut polos elastis gaya korea untuk wanita kuncir tail rambut
4184214313,train_3225117984,JILBAB SAFETY MASK NIQAB ANTI CORONA / JILBAB INSTAN / JILBAB SYRIA / JILBAB JERSY,jilbab safety mask niqab anti corona jilbab instan jilbab syria jilbab jersy
1091404026,train_1765041994,OSM - K312 Kaos Kaki Polos Semata Kaki / Kaos Kaki Ankle Cute / Socks / Short Socks/ Sepatu,osm k312 kaos kaki polos semata kaki kaos kaki ankle cute socks short socks/ sepatu
952183003,train_1491109987,PISAU APEL SARUNG BUAH DAPUR  3 PCS,pisau apel sarung buah dapur 3 pcs
871679006,train_1617944572,\xe2\x98\x9bTK\xe2\x98\x9aR084 Pot Tanaman Ornamen Hias Dekorasi Buatan Bunga Plastik Bonsai Palsu Rumah Kantor Teras Meja,xe2 x98 x9btk xe2 x98 x9ar084 pot tanaman ornamen hias dekorasi buatan bunga plastik bonsai palsu rumah kantor teras meja
994676122,train_2358518833,1pcs Kunciran Rambut Karet / Kuncir Rambut Karet Warna Warni RANDOM COLOUR,1pcs kunciran rambut karet kuncir rambut karet warna warni random colour
562358068,train_3500331962,Viva Air Mawar Termurah 100% Original,viva air mawar termurah 100 original
1141798720,train_1354360830,MAYCREATE LOTION SPRAY 150ML - Maycreat isolation protection body cream maycreat lotion semprot,maycreate lotion spray 150ml maycreat isolation protection body cream maycreat lotion semprot
1091404026,train_2039787872,BBBC Kaos Kaki Wanita Motif Polos Import Semata Kaki Bayar Ditempat (),bbbc kaos kaki wanita motif polos import semata kaki bayar ditempat
562358068,train_1833257672,[ VIVA ] Air Mawar,viva air mawar
1141798720,train_516663932,ISOLATION WHITENING PROTECTION SPRAY,isolation whitening protection spray
1141798720,train_2677100375,MAYCREATE LOTION SPRAY 150ML - Maycreat isolation protection body cream maycreat lotion semprot,maycreate lotion spray 150ml maycreat isolation protection body cream maycreat lotion semprot
2259957740,train_1915993360,Ring Light Selfie LED / Lampu Selfie Bulat Untuk Kamera Camera HP Flash Charm Eyes,ring light selfie led lampu selfie bulat untuk kamera camera hp flash charm eyes
159351600,train_1236075269,READY STOK [THE3ANGLE-KD] Gluta Collagen Beautetox Chocowhite Whitemilky NEW PACKAGING - FREE GIFT**,ready stok the3angle-kd gluta collagen beautetox chocowhite whitemilky new packaging free gift
159351600,train_2855329700,[READY SIAP KIRIM] GLUTA COLLAGEN SOAP,ready siap kirim gluta collagen soap
871679006,train_1949926993,COD BUNGA PLASTIK BUNGA PAJANGAN IMITASI BUNGA ARTIFISIAL BUNGA BONSAI  TANAMAN HIAS PLASTIK BP8805,cod bunga plastik bunga pajangan imitasi bunga artifisial bunga bonsai tanaman hias plastik bp8805
3001123709,train_1414385957,BREYLEE Blackhead Mask + 100pcs Sheet,breylee blackhead mask + 100pcs sheet
952183003,train_4031914591,PISAU APEL WARNA RANDOM,pisau apel warna random
1163569239,train_3789517483,SCARLETT Whitening Brightly Ever After Serum / Whitening Acne Serum,scarlett whitening brightly ever after serum whitening acne serum
3001123709,train_3612493106,Breylee blackhead remove nose mask serum blackhead remover + 100 PCs paper,breylee blackhead remove nose mask serum blackhead remover + 100 pcs paper
1091404026,train_381544297,ELFYDO - Kaos Kaki Polos Bahan Spandek Plus Polyester Kaos Kaki Import Murah,elfydo kaos kaki polos bahan spandek plus polyester kaos kaki import murah
562358068,train_239849978,Viva Air Mawar,viva air mawar
66247839,train_2711780517,Sarung Tangan Motor IGLOVE Touch Screen Smartphone / Sarung Tangan GOJEK GRAB layar sentuh,sarung tangan motor iglove touch screen smartphone sarung tangan gojek grab layar sentuh
3113678103,train_1795803441,FLEXIBLE Faucet Water Filter Purifier Head Saringan Kran Air,flexible faucet water filter purifier head saringan kran air
3113678103,train_3012501582,JOSERBA Sambungan kepala keran irit air 360 derajat,joserba sambungan kepala keran irit air 360 derajat
3206118280,train_2160809358,SOME BY MI YUJA NIACIN 30 DAYS BRIGHTENING STARTER TRIAL TRAVEL KIT TONER CREAM SERUM SLEEPING MASK,some by mi yuja niacin 30 days brightening starter trial travel kit toner cream serum sleeping mask
3206118280,train_819374109,Some By Mi Yuja Niacin 30Days Brightening Starter Kit Original,some by mi yuja niacin 30days brightening starter kit original
562358068,train_2416568905,Viva Air Mawar - 100 mL - Penyegar,viva air mawar 100 ml penyegar
3001123709,train_1436593095,Breylee Serum Pembersih Komedo / Pori-Pori,breylee serum pembersih komedo pori-pori
3206118280,train_1240650227,SomebyMi Yuja Niacin 30 Days Brightening Starter Kit 4 Items,somebymi yuja niacin 30 days brightening starter kit 4 items
3001123709,train_789691321,BREYLEE Serum Perawatan Wajah Mengurangi Bekas Jerawat Mengecilkan Pori,breylee serum perawatan wajah mengurangi bekas jerawat mengecilkan pori
159351600,train_1997808959,(DISKON 11-11 BURUAN ORDER) Sabun Whitening Gluta Collagen Beautetox Chocowhite Whitemilky ORIGINAL,diskon 11-11 buruan order sabun whitening gluta collagen beautetox chocowhite whitemilky original
4184214313,train_1462484558,( 1KG MUAT 5)  SAIDAH NIQAB FISIK BERGO HIJAB JILBAB KHIMAR INSTANT KHIMAR KERUDUNG SEGIEMPAT  100,1kg muat 5 saidah niqab fisik bergo hijab jilbab khimar instant khimar kerudung segiempat 100
159351600,train_2840508723,[FREE JARING SABUN] Gluta Collagen Soap [READY],free jaring sabun gluta collagen soap ready
4184214313,train_1323768754,Hijab instan Niqab/niqob jersey/Hijab masker instan jersey ukuran STANDAR,hijab instan niqab/niqob jersey/hijab masker instan jersey ukuran standar
1091404026,train_2952557165,Kaos Kaki Semata Kaki,kaos kaki semata kaki
1091404026,train_2461306403,Kaos kaki ankle polos wanita,kaos kaki ankle polos wanita
3206118280,train_4256299025,SOMEBYMI Some by mi Yuja Niacin 30 Days Brightening Starter kit,somebymi some by mi yuja niacin 30 days brightening starter kit
952183003,train_3937416122,Murah PISAU DAPUR STAINLESS+ SARUNG LOGO APEL / KNIFE APPLE. WL,murah pisau dapur stainless+ sarung logo apel knife apple wl
994676122,train_1521931249,[Ready Stock] Ikat Rambut Korea Simple Cute Murah,ready stock ikat rambut korea simple cute murah
3489985175,train_3137411481,PROMO SABUN KECANTIKAN PENGHILANG FLEK HITAM ANTI AGING PENGHILANG JERAWAT TZUKI,promo sabun kecantikan penghilang flek hitam anti aging penghilang jerawat tzuki
1163569239,train_3171223531,SCARLETT WHITENING BRIGHTLY EVER AFTER SERUM,scarlett whitening brightly ever after serum
1746655739,train_2465941424,Acnol lotion untuk jerawat 10 ml,acnol lotion untuk jerawat 10 ml
3001123709,train_481633684,BREYLEE Pore Refining Serum Shrink Pores Tightens Skin Care Essence Moisturizing Whitening,breylee pore refining serum shrink pores tightens skin care essence moisturizing whitening
3113678103,train_2191483137,Sambungan Keran Kran Air Faucet Plastic Shower Head Water Saving-yoyosoo,sambungan keran kran air faucet plastic shower head water saving-yoyosoo
562358068,train_1605540675,viva air mawar,viva air mawar
159351600,train_2729160884,GLUTA COLLAGEN SOAP (ready) free jaring sabun,gluta collagen soap ready free jaring sabun
3113678103,train_2735482142,Sambungan Tambahan Kran Air Filter Aerator Putar 360 BOX PACKING MIKA,sambungan tambahan kran air filter aerator putar 360 box packing mika
1091404026,train_3934337015,IND - K310 Kaos Kaki Polos Semata Kaki / Kaos Kaki Ankle Cute / Socks / Short Socks/ Sepatu,ind k310 kaos kaki polos semata kaki kaos kaki ankle cute socks short socks/ sepatu
3001123709,train_884916894,LANBENA Masker Kolagen Peel Off untuk Menghilangkan Komedo Hitam,lanbena masker kolagen peel off untuk menghilangkan komedo hitam
4184214313,train_3647070982,JILBAB SAFETY MASK NIQAB ANTI CORONA / JILBAB INSTAN / JILBAB SYRIA / JILBAB JERSY / BILLYSCRAFT,jilbab safety mask niqab anti corona jilbab instan jilbab syria jilbab jersy billyscraft
562358068,train_2411860849,Viva Milk Cleanser/ Face Tonic 100ml,viva milk cleanser/ face tonic 100ml
159351600,train_2902736490,READY STOCK FREE GIFT GLUTA COLLAGEN SOAP BEAUTETOX,ready stock free gift gluta collagen soap beautetox
2259957740,train_2834448264,Selfie Ring Light / Lampu Led Selfie / charm eyes / Lampu Selfie,selfie ring light lampu led selfie charm eyes lampu selfie
66247839,train_3227415372,iGlove Sarung Tangan Capacitive Smartphone & Tablet Android Ios Iglove,iglove sarung tangan capacitive smartphone tablet android ios iglove
3001123709,train_1385983493,LANBENA Masker Peel Off Lumpur Hitam untuk Menghilangkan Komedo / Jerawat,lanbena masker peel off lumpur hitam untuk menghilangkan komedo jerawat
3001123709,train_630065856,BREYLEE Step 2 Green Tea Universal Face Serum Blackhead Extract Fluid 17ml,breylee step 2 green tea universal face serum blackhead extract fluid 17ml
3001123709,train_2663568385,Cod In Stock New BREYLEE Shrink Pores Serum Pore Tightens Refining Moisturizing Essence Whitening,cod in stock new breylee shrink pores serum pore tightens refining moisturizing essence whitening
3113678103,train_931662080,ALAT PENGATUR KRAN AIR 360\xc2\xb0 - FAUCET,alat pengatur kran air 360 xc2 xb0 faucet
3113678103,train_35171381,SAMBUNG KRAN AIR FLEXIBLE 360 DERAJAT,sambung kran air flexible 360 derajat
1746655739,train_3582330494,ACNOL LOTION for Acne 10 ml - Obat Jerawat,acnol lotion for acne 10 ml obat jerawat
1746655739,train_1812730090,Acnol Lotion Obat jerawat cair 10ml,acnol lotion obat jerawat cair 10ml
159351600,train_1789512220,[READY] [OPEN RESELLER] [RESMI] Sabun Whitening Gluta Collagen beautetox soap,ready open reseller resmi sabun whitening gluta collagen beautetox soap
1141798720,train_3480877149,ORIGINAL 100% Maycreate Whitening Spray SPF50,original 100 maycreate whitening spray spf50
3489985175,train_2612248673,BELI 2 GRATIS 1 BISA COD SABUN TZUKI- SABUN PEMUTIH WAJAH KULIT BADAN ORIGINAL,beli 2 gratis 1 bisa cod sabun tzuki- sabun pemutih wajah kulit badan original
1237550763,train_1298274482,Tas Selempang Waistbag Pria Wanita,tas selempang waistbag pria wanita
871679006,train_4082498474,HC Ornamen Tanaman Pohon Pinus Artificial Flower Decoration Pot Bunga Hias Dekorasi Meja BUNGA 02,hc ornamen tanaman pohon pinus artificial flower decoration pot bunga hias dekorasi meja bunga 02
562358068,train_1533892478,\xe2\x9d\xa4 BELIA \xe2\x9d\xa4 Air Mawar Viva 100ml,xe2 x9d xa4 belia xe2 x9d xa4 air mawar viva 100ml
3926100920,train_3799993401,GEA BABY Kantong ASI 120ml,gea baby kantong asi 120ml
1141798720,train_2041937727,MY CREATE SPRAY PEMUTIH VIRAL TIKTOK LOTION KOREA,my create spray pemutih viral tiktok lotion korea
159351600,train_2172967167,GCS WHITEMILKY CHOCOWHITE free JARING sabun READY,gcs whitemilky chocowhite free jaring sabun ready
66247839,train_3600825315,I Glove Sarung Tangan Iglove TOUCH SCREEN Capacitive Smartphone & Tablet Android,i glove sarung tangan iglove touch screen capacitive smartphone tablet android
994676122,train_408229003,(COD) Karet Rambut Elastis 1SET Plus Pouch H144 Gaya Korean Fashion / Ikat Rambut Korea / Mallshop,cod karet rambut elastis 1set plus pouch h144 gaya korean fashion ikat rambut korea mallshop
3926100920,train_2821283618,GEA Baby Kantong Asi breast Milk powder storage Bag 120ml 200ml 250ml 50gr safari classic edition,gea baby kantong asi breast milk powder storage bag 120ml 200ml 250ml 50gr safari classic edition
4184214313,train_2227859828,HIJAB BERGO SYRIA AZRIEL + CADAR NON PED KHIMAR INSTAN SUPER JUMBO WOLFIS PREMIUM,hijab bergo syria azriel + cadar non ped khimar instan super jumbo wolfis premium
2259957740,train_331194711,{Lav - R250} Ring Light Selfie LED / Lampu Selfie Bulat Untuk Kamera HP Rechargeable,lav r250 ring light selfie led lampu selfie bulat untuk kamera hp rechargeable
3001123709,train_1645095897,BREYLEE Blackhead Mask Remover / Pore Refining Serum | Step 1 & Step 2 | Pengangkat Komedo,breylee blackhead mask remover pore refining serum step 1 step 2 pengangkat komedo
1141798720,train_1699906038,MAYCREATE MOISTURIZING SPRAY 150ML / kimberlin,maycreate moisturizing spray 150ml kimberlin
1141798720,train_3534764813,MAYCREATE MOISTURIZING SPRAY 150ML zoomstar,maycreate moisturizing spray 150ml zoomstar
952183003,train_1866688264,Pisau dapur,pisau dapur
159351600,train_3083046401,[ BPOM ] SABUN WHITENING GLUTA COLLAGEN SOAP BEAUTETOX CHOCOWHITE DAN WHITEMILKY,bpom sabun whitening gluta collagen soap beautetox chocowhite dan whitemilky
4184214313,train_618767318,JILBAB SAFETY MASK NIQAB ANTI CORONA / JILBAB INSTAN / JILBAB SYRIA / JILBAB JERSY,jilbab safety mask niqab anti corona jilbab instan jilbab syria jilbab jersy
871679006,train_2583451782,Satu7an PBP01 - 4 - POT TANAMAN BUNGA PLASTIK DEKORASI RUMAH TANAMAN HIAS TREND MURAH IMPORT COD,satu7an pbp01 4 pot tanaman bunga plastik dekorasi rumah tanaman hias trend murah import cod
1091404026,train_3320065150,Importir.Fashion Kaoskaki Kauskaki Wanita Dewasa Fashion Korea Import - SHG2003,importir fashion kaoskaki kauskaki wanita dewasa fashion korea import shg2003
3489985175,train_3069136324,Sabun Tzuki Original,sabun tzuki original
731330024,train_95201212,TISSUE TEMPERED GLASS/TISU PEMBERSIH LAYAR/TISU TEMPERED GLASS - PER 1 PCs (Met/Basah & Dry/Kering),tissue tempered glass/tisu pembersih layar/tisu tempered glass per 1 pcs met/basah dry/kering
159351600,train_3596545373,[ FREE GIFT - READY STOK SIAP KIRIM ] GLUTA COLLAGEN SOAP ( BEAUTETOX ),free gift ready stok siap kirim gluta collagen soap beautetox
1091404026,train_443958437,FYGALERY D060 KAOS KAKI POLOS KAOS KAKI BAHAN SPANDEK PLUS POLYESTER KAOS KAKI MURAH BATAM IMPORT,fygalery d060 kaos kaki polos kaos kaki bahan spandek plus polyester kaos kaki murah batam import
952183003,train_742888193,Pisau Apel/Pisau buah Random,pisau apel/pisau buah random
4184214313,train_3402693191,JILBAB SAFETY MASK NIQAB ANTI CORONA / JILBAB INSTAN / JILBAB SYRIA / JILBAB JERSY / BILLYSCRAFT,jilbab safety mask niqab anti corona jilbab instan jilbab syria jilbab jersy billyscraft
2259957740,train_2234021757,Ring Light Selfie LED / Lampu Selfie Bulat Untuk Kamera Camera HP Flash Charm Eyes - PALAPA,ring light selfie led lampu selfie bulat untuk kamera camera hp flash charm eyes palapa
994676122,train_543954089,100Pcs Karet Ikat Rambut Korea Warna Campur untuk Orangtua / Anak,100pcs karet ikat rambut korea warna campur untuk orangtua anak
1237550763,train_1551895204,WAISTBAG COWOK / TAS PINGGANG PRIA,waistbag cowok tas pinggang pria
562358068,train_2921972011,\xe2\x9d\xa4\xef\xb8\x8fGROSIR\xe2\x9d\xa4\xef\xb8\x8f Viva Milk Cleanser / Face Tonic 100ml,xe2 x9d xa4 xef xb8 x8fgrosir xe2 x9d xa4 xef xb8 x8f viva milk cleanser face tonic 100ml
3206118280,train_2895822630,SOMEBYMI YUJA NIACIN 30 DAYS BRIGHTENING SOLUTION 4-STEP KIT,somebymi yuja niacin 30 days brightening solution 4-step kit
731330024,train_1475710807,[COD BAYAR DITEMPAT] TISU TEMPERED GLASS 1SET,cod bayar ditempat tisu tempered glass 1set
731330024,train_1693277829,Tissu tempered glass / Tisu pembersih layar hp Basah dan Kering,tissu tempered glass tisu pembersih layar hp basah dan kering
952183003,train_709746325,Pisau Apel Multifungsi Buah Sayur Dapur,pisau apel multifungsi buah sayur dapur
1141798720,train_664339299,Maycreate,maycreate
3489985175,train_2588696693,(ORIGINAL 10000%) TZUKI SOAP FULL SIZE,original 10000 tzuki soap full size
562358068,train_3901859980,Viva Milk Cleanser Pembersih / Face Tonic Penyegar 100ml,viva milk cleanser pembersih face tonic penyegar 100ml
1163569239,train_623546295,SCARLETT ACNE SERUM & BRIGHTLY EVER AFTER SERUM,scarlett acne serum brightly ever after serum
1163569239,train_3598710032,Scarlett Serum,scarlett serum
2259957740,train_3031235277,SELFIE RING LIGHT 36 LED with CHARGER PORTABLE (LAMPU UNTUK SELFIE  LAMPU TIKTOK),selfie ring light 36 led with charger portable lampu untuk selfie lampu tiktok
994676122,train_3486600899,Karet gelang ikat rambut korea simple dan murah,karet gelang ikat rambut korea simple dan murah
994676122,train_417261045,100pcs/Set Bts Korea hair ring high elastic simple hair rope headband creative Tali rambut,100pcs/set bts korea hair ring high elastic simple hair rope headband creative tali rambut
562358068,train_4084569444,VIVA Milk Cleanser Face Tonic Susu Pembersih Toner Penyegar Air Mawar 100ml,viva milk cleanser face tonic susu pembersih toner penyegar air mawar 100ml
1237550763,train_1847595366,[LOKAL] DOMMO - D1370 WAISTBAG AS - Tas Selempang Pria Wanita MORYMONY,lokal dommo d1370 waistbag as tas selempang pria wanita morymony
1091404026,train_1298752376,K312 Kaos Kaki Polos Semata Kaki / Kaos Kaki Ankle Cute / Socks / Short Socks,k312 kaos kaki polos semata kaki kaos kaki ankle cute socks short socks
452508504,train_1374408802,Holder Bunga Smartphone Gurita Elastis Dua Sisi Tentakel Standing Handphone Chrome,holder bunga smartphone gurita elastis dua sisi tentakel standing handphone chrome
3206118280,train_3506406004,SOMEBYMI Yuja Niacin Brightening Starter Kit,somebymi yuja niacin brightening starter kit
1091404026,train_1361965593,Cognos KK-05 Kaos Kaki Ankle Cute Motif Semata,cognos kk-05 kaos kaki ankle cute motif semata
1163569239,train_2375162891,SERUM SCARLETT 15ML BRIGHTLY / ACNE PILIH SALAH SATU,serum scarlett 15ml brightly acne pilih salah satu
562358068,train_1359948092,VIVA AIR MAWAR 100ml | AIR MAWAR VIVA PENYEGAR VIVA,viva air mawar 100ml air mawar viva penyegar viva
3206118280,train_3152568123,Somebymi yuja niacin 30 days brightening starter kit,somebymi yuja niacin 30 days brightening starter kit
1163569239,train_3071392783,SCARLETT ACNE SERUM / BRIGHTLY EVER AFTER SERUM,scarlett acne serum brightly ever after serum
731330024,train_1088047343,Tissue Tempered Glass - Tisu Pembersih Layar Kaca Handphone,tissue tempered glass tisu pembersih layar kaca handphone
1141798720,train_1296711926,Maycreate isolation spray,maycreate isolation spray
1746655739,train_454941918,ACNOL Lotion for Acne Obat Jerawat cair 10 m ml,acnol lotion for acne obat jerawat cair 10 m ml
452508504,train_2751055011,CAR HOLDER HP BUNGA FLEKSIBEL UNIVERSAL GEKKO VIP STAND HOLDER HP flower,car holder hp bunga fleksibel universal gekko vip stand holder hp flower
452508504,train_3335610237,Car Holder Flower Flexible Universal Gekko VIP Stand Holder HP Bunga,car holder flower flexible universal gekko vip stand holder hp bunga
452508504,train_4096167566,CAR HOLDER FLEXIBLE FLOWER UNIVERSAL/STAND HOLDER HP BUNGA,car holder flexible flower universal/stand holder hp bunga
66247839,train_3884647552,iGlove Sarung Tangan Touch Screen / Sarung Tangan Bisa Sentuh Layar HP / Sarung Tangan Winter Touch,iglove sarung tangan touch screen sarung tangan bisa sentuh layar hp sarung tangan winter touch
3206118280,train_1740095310,Somebymi Yuja Niacin Brightening Starter Kit,somebymi yuja niacin brightening starter kit
871679006,train_980888778,Tanaman Bonsai Artificial Bunga Hias Dekorasi  - PINUS -,tanaman bonsai artificial bunga hias dekorasi pinus -
994676122,train_2344885693,(27AN.ID)COD Ikat Karet Rambut H144 100pcs+pouch Warna Polos Gaya Korea / Ikat Rambut  Elastis,27an id cod ikat karet rambut h144 100pcs+pouch warna polos gaya korea ikat rambut elastis
1141798720,train_1591104350,[IMPORT] - Maycreate Isolation Protection Spray 150ml,import maycreate isolation protection spray 150ml
3206118280,train_3463353664,HIMY - SOMEBYMI YUJA NIACIN 30 DAYS BRIGHTENING STARTER KIT/SOLUTION,himy somebymi yuja niacin 30 days brightening starter kit/solution
3206118280,train_950214428,SOMEBYMI Yuja Niacin 30 days Brightening Starter Kit,somebymi yuja niacin 30 days brightening starter kit
1091404026,train_109979667,OSM - K272 Kaos Kaki Ankle Cute / Kaos Kaki Semata Kaki / Socks / Short Socks/ Sepatu,osm k272 kaos kaki ankle cute kaos kaki semata kaki socks short socks/ sepatu
1091404026,train_2423539741,GGS D060 KAOS KAKI POLOS BAHAN SPANDEK PLUS POLYESTER KAOS KAKI MURAH KAOS KAKI BATAM IMPORT,ggs d060 kaos kaki polos bahan spandek plus polyester kaos kaki murah kaos kaki batam import
1163569239,train_2960536609,SCARLETT WHITENING SERUM,scarlett whitening serum
1163569239,train_1149371320,[READY] Scarlett Whitening Serum Acne/ Brightly Ever After by felicia,ready scarlett whitening serum acne/ brightly ever after by felicia
2259957740,train_3093956082,Selfie ring light vlog lampu LED fotografi ringlight handphone hp portable charger atau baterai,selfie ring light vlog lampu led fotografi ringlight handphone hp portable charger atau baterai
3926100920,train_3657698991,GEA Baby Kantong Asi 120ml 200ml 250ml | Kantong Susu Bubuk GEA 50g | Breast Milk Storage Bag 30pcs,gea baby kantong asi 120ml 200ml 250ml kantong susu bubuk gea 50g breast milk storage bag 30pcs
3113678103,train_3998154540,Sambungan Keran Wastafel Air + Filter Saringan Air Flexible Kipas v4,sambungan keran wastafel air + filter saringan air flexible kipas v4
3113678103,train_353877543,Sambungan Kran FLEXIBLE irit air Keran Splash Shower,sambungan kran flexible irit air keran splash shower
2259957740,train_3226556167,Selfie LED / Lampu Selfie Bulat Untuk Kamera HP /Selfie Ring Light Rechargeable/Micro USB,selfie led lampu selfie bulat untuk kamera hp /selfie ring light rechargeable/micro usb
3001123709,train_3888149873,BREYLEE Step 2 Serum Wajah Pengecil Pori-pori skincare 17ml,breylee step 2 serum wajah pengecil pori-pori skincare 17ml
562358068,train_2361997442,Viva Air Mawar,viva air mawar
871679006,train_3605468147,FYGALERYJAKARTA -  Pot Tanaman Bunga Pohon Dekorasi Pajangan Rumah Kantor Pot Import Murah,fygaleryjakarta pot tanaman bunga pohon dekorasi pajangan rumah kantor pot import murah
3489985175,train_1647008554,TZUKI SOAP,tzuki soap
562358068,train_2836494610,Viva Air Mawar 100ml,viva air mawar 100ml
994676122,train_226112794,Karet Rambut Wanita Model Korea f224,karet rambut wanita model korea f224
159351600,train_1673660532,[MINIBOSS] GLUTA COLLAGEN SOAP BEAUTETOX,miniboss gluta collagen soap beautetox
3001123709,train_2724041072,BREYLEE BLACKHEAD PENCABUT KOMEDO MASK STEP 1,breylee blackhead pencabut komedo mask step 1
1237550763,train_468451127,TAS WAISTBAG PRIA TAS SELEMPANG ORIGINAL DISTRO,tas waistbag pria tas selempang original distro
159351600,train_675983017,[READY FREE JARING]Gluta Collagen Soap by Beautetox sabun whitening  chocowhite whitemilky,ready free jaring gluta collagen soap by beautetox sabun whitening chocowhite whitemilky
871679006,train_670639699,FYGALERYJAKARTA -  Pot Tanaman Bunga Dekorasi Rumah Tanaman Hias Plastik Murah Import,fygaleryjakarta pot tanaman bunga dekorasi rumah tanaman hias plastik murah import
952183003,train_2454293055,B2Y Pisau Buah Motif + Sarung ( Pisau Apel Pear),b2y pisau buah motif + sarung pisau apel pear
952183003,train_1792753322,Pisau Apel / Pisau Buah,pisau apel pisau buah
871679006,train_3912394235,COD /POT TANAMAN  BUNGA HIAS BUNGA DEKORASI RUANGAN BUNGA PLASTIK HIAS P2040,cod /pot tanaman bunga hias bunga dekorasi ruangan bunga plastik hias p2040
452508504,train_518067135,Magic Suction Cup Mobile Phone Bracket Holder Gurita Holder Cumi,magic suction cup mobile phone bracket holder gurita holder cumi
562358068,train_2767216329,VIVA MILK CLEANSER / FACE TONIC / AIR MAWAR 100ml| 200ml,viva milk cleanser face tonic air mawar 100ml 200ml
952183003,train_907596322,PISAU BUAH APEL STAINLESS STELL / PISAU/PISAU BUAH,pisau buah apel stainless stell pisau/pisau buah
1163569239,train_219504178,Scarlett Whitening Serum Brightly Ever After Serum / Acne Serum,scarlett whitening serum brightly ever after serum acne serum
994676122,train_1423119969,\xe3\x80\x90COD\xe3\x80\x91Korea Versi Dari Tali Rambut Elastis Aksesoris Fashion Ikat Rambut 1PC,xe3 x80 x90cod xe3 x80 x91korea versi dari tali rambut elastis aksesoris fashion ikat rambut 1pc
3926100920,train_544056532,"KANTONG ASI GEA DENGAN THERMAL SENSOR 120 ML , 200ML DAN 250ML",kantong asi gea dengan thermal sensor 120 ml 200ml dan 250ml
994676122,train_1374193074,100pcs/set Ikat Rambut Headband Karet Polos Warna Warni Headband Rubber Elastis dan Awet,100pcs/set ikat rambut headband karet polos warna warni headband rubber elastis dan awet
159351600,train_799363063,READY Gluta collagen soap (FREE JARING SABUN),ready gluta collagen soap free jaring sabun
452508504,train_2845480992,Holder Bunga  Stand 360 Besi Gurita Handphone HP,holder bunga stand 360 besi gurita handphone hp
66247839,train_859490431,iGlove Sarung Tangan Bisa Touchscreen Paling Murah,iglove sarung tangan bisa touchscreen paling murah
1746655739,train_2629377165,Acnol Lotion For Acne - Obat Jerawat,acnol lotion for acne obat jerawat
2259957740,train_3870736156,Selfie LED / Lampu Selfie Bulat Untuk Kamera HP /Selfie Ring Light Rechargeable/Micro USB,selfie led lampu selfie bulat untuk kamera hp /selfie ring light rechargeable/micro usb
1237550763,train_714830040,HOTSHOP WAISTBAG AS HAUL,hotshop waistbag as haul
3206118280,train_2427521628,Somebymi Yuja Niacin 30 Days Brightening Starter Kit,somebymi yuja niacin 30 days brightening starter kit
952183003,train_1037698435,[ COD ] [PISAU APEL] PISAU DAPUR KECIL / PISAU BUAH TAJAM MURAH GROSIR,cod pisau apel pisau dapur kecil pisau buah tajam murah grosir
452508504,train_4143175294,Car Holder HP Bunga Flexible Universal Gekko VIP Stand Holder HP Flower,car holder hp bunga flexible universal gekko vip stand holder hp flower
871679006,train_36309833,LDG POT19-22 TANAMAN BUNGA PLASTIK DEKORASI RUMAH TANAMAN HIAS IMPORT MURAH,ldg pot19-22 tanaman bunga plastik dekorasi rumah tanaman hias import murah
3926100920,train_3881110672,Gea Baby Kantong Kantung Plastik Asi Asip 120ml Breastmilk Bag Thermal Sensor Panas Geababy Gea Baby,gea baby kantong kantung plastik asi asip 120ml breastmilk bag thermal sensor panas geababy gea baby
3206118280,train_4208522096,SOMEBYMI YUJA NIACIN 30 DAYS BRIGHTENING STARTER KIT [SBM-23],somebymi yuja niacin 30 days brightening starter kit sbm-23
1163569239,train_518547082,Scarlett Brightly atau Acne Serum,scarlett brightly atau acne serum
994676122,train_880338666,100Pcs Ikat Karet Rambut Elastis Warna Polos Gaya Korea untuk Wanita,100pcs ikat karet rambut elastis warna polos gaya korea untuk wanita
3001123709,train_1156101530,( READY STOCK) Breylee Pengangkat Komedo ( Blackhead Mask + Pore Refining Serum ),ready stock breylee pengangkat komedo blackhead mask + pore refining serum
994676122,train_210204308,(Yida) 100Pcs  Karet Elastis untuk Aksesoris Rambut Anak Perempuan,yida 100pcs karet elastis untuk aksesoris rambut anak perempuan
994676122,train_2073151758,\xe3\x80\x90CELEB\xe3\x80\x91100 Pcs Ikat Rambut Karet Polos Elastis Gaya Korea untuk Wanita,xe3 x80 x90celeb xe3 x80 x91100 pcs ikat rambut karet polos elastis gaya korea untuk wanita
1091404026,train_2077964662,PTT KAOS KAKI POLOS SEMATA KAKI KAOS KAKI ANKLECUTE KAOS KAKI WANITA,ptt kaos kaki polos semata kaki kaos kaki anklecute kaos kaki wanita
3113678103,train_2005660717,( YR ) Saringan Kran Air / SAMBUNGAN KRAN FLEKSIBEL ( A1 ) Packing Plastik,yr saringan kran air sambungan kran fleksibel a1 packing plastik
731330024,train_3540380953,TISSUE TISU TEMPERED GLASS WET AND DRY PEMBERSIH LAYAR HP,tissue tisu tempered glass wet and dry pembersih layar hp
1237550763,train_3753570429,COD.!!! BAYAR DI TEMPAT.!! Tas Selempang Pria/Wanita Waistbag USB Waterproof Pushop Wesley.,cod bayar di tempat tas selempang pria/wanita waistbag usb waterproof pushop wesley
159351600,train_2034561720,[READY LANGSUNG KIRIM] GLUTA COLLAGEN WHITE MAGIC SOAP BEAUTETOX CHOCOWHITE WHITEMILKY,ready langsung kirim gluta collagen white magic soap beautetox chocowhite whitemilky
3489985175,train_3783601581,SABUN PEMUTIH TZUKI ORIGINAL PENGHILANG JERAWAT ANTI AGING DAN FLEK,sabun pemutih tzuki original penghilang jerawat anti aging dan flek
1237550763,train_3046196729,WAISTBAG PRIA TAS SELEMPANG MURAH,waistbag pria tas selempang murah
2259957740,train_2047463409,RING LIGHT SELFIE LED / LAMPU SELFIE / SELFIE LAMP RING,ring light selfie led lampu selfie selfie lamp ring
1141798720,train_2918032299,"b""M'AYCREATE MOUSTURIZING PROTECTION SPRAY /PEMUTIH KULIT""",b m aycreate mousturizing protection spray /pemutih kulit
159351600,train_1459295979,Gluta Collagen WHITE MAGIC SOAP Whitemilky/Chocowhite [READY FREE JARING ],gluta collagen white magic soap whitemilky/chocowhite ready free jaring
3206118280,train_140400919,SOME BY MI Yuja Niacin 30 Days Brightening Starter Kit (4 items),some by mi yuja niacin 30 days brightening starter kit 4 items
994676122,train_303073611,TOP MARKET ID IKAT RAMBUT POLOS KARET RAMBUT SIMPLE DAN ELEGAAN,top market id ikat rambut polos karet rambut simple dan elegaan
994676122,train_1750065022,[cele]100 Pcs Ikat Rambut Karet Polos Elastis Gaya Korea untuk Wanita,cele 100 pcs ikat rambut karet polos elastis gaya korea untuk wanita
562358068,train_1130274962,VIVA AIR MAWAR 100ML ORIGINAL / AIR MAWAR VIVA PENYEGAR,viva air mawar 100ml original air mawar viva penyegar
952183003,train_3099715241,B3B863 Pisau Dapur Sarung Apel,b3b863 pisau dapur sarung apel
1237550763,train_2749611109,TAS LAGI HITS Waistbag List Profesional Termurah/Tas Selempang Pria&Wanita,tas lagi hits waistbag list profesional termurah/tas selempang pria wanita
952183003,train_2973241168,pisau apel,pisau apel
562358068,train_1642454560,Viva Air Mawar 100ml,viva air mawar 100ml
452508504,train_875501470,HOLDER BUNGA Holder Gurita Magic Phone Bracket Standing HP,holder bunga holder gurita magic phone bracket standing hp
1091404026,train_2999160527,HC KAOS KAKI WANITA MOTIF POLOS IMPOR SEMATA KAKI #Bisa bayar ditempat (COD),hc kaos kaki wanita motif polos impor semata kaki bisa bayar ditempat cod
562358068,train_1625513302,Viva Air Mawar,viva air mawar
731330024,train_498188103,TISSU ANTI GORES KACA,tissu anti gores kaca
562358068,train_2997354311,Viva air mawar 100ml,viva air mawar 100ml
452508504,train_1649490938,HOLDER GURITA VIP HOLDER BUNGA HOLDER GADGET HOLDER MURAH HOLDER HP,holder gurita vip holder bunga holder gadget holder murah holder hp
3926100920,train_3611219748,Gea Baby Breast Milk Storage Bag 120ml,gea baby breast milk storage bag 120ml
3926100920,train_3935972528,[HARGA PROMO] GEA Baby Kantong Asi / Milk Bag Safari Edition 120ml Isi 30pcs,harga promo gea baby kantong asi milk bag safari edition 120ml isi 30pcs
3489985175,train_1764388603,Sabun Tzuki Ori dijamin asli 100%,sabun tzuki ori dijamin asli 100
159351600,train_1473844208,[baby boss] [ready] sabun whitening gluta collagen beautetox chocowhite whitemilky soap,baby boss ready sabun whitening gluta collagen beautetox chocowhite whitemilky soap
159351600,train_2283849789,\xe2\x80\xbc\xef\xb8\x8fFREE JARING\xe2\x80\xbc\xef\xb8\x8fREADY STOCK GLUTA COLLAGEN SOAP WHITEMILKY CHOCOWHITE,xe2 x80 xbc xef xb8 x8ffree jaring xe2 x80 xbc xef xb8 x8fready stock gluta collagen soap whitemilky chocowhite
159351600,train_30488954,(READY STOCK) Gluta Collagen Soap Beautetox Original(FREE JARING SABUN/2PCS),ready stock gluta collagen soap beautetox original free jaring sabun/2pcs
1141798720,train_2531777612,MAYCREATE MOISTURIZING LOTION/WHITENING SUNSCREEN SPF 50 WATERPROOF,maycreate moisturizing lotion/whitening sunscreen spf 50 waterproof
3489985175,train_3653012320,Sabun TZUKI TSUKI SUKI Collagen Original 100% BPOM,sabun tzuki tsuki suki collagen original 100 bpom
159351600,train_2937433253,[READYSTOCK] Sabun Whitening Gluta Collagen Beautetox Chocowhite Whitemilky Soap,readystock sabun whitening gluta collagen beautetox chocowhite whitemilky soap
731330024,train_4273015959,Tisu tissu tempered glass kaca / packing kertas tempred glass terpisah /packing tambahan,tisu tissu tempered glass kaca packing kertas tempred glass terpisah /packing tambahan
871679006,train_3247918077,LDS POT3 TANAMAN BUNGA PLASTIK BUNGA DEKORASI RUMAH BUAH IMPORT MURAH,lds pot3 tanaman bunga plastik bunga dekorasi rumah buah import murah
1746655739,train_1824895388,(2 pcs @ 10 ml) Acnol Lotion Obat Jerawat 10 ml / Anti Acne / Acne Care,2 pcs 10 ml acnol lotion obat jerawat 10 ml anti acne acne care
1141798720,train_3731734583,maycreate instant  ORIGINAL whitening spray / INSTANT SPRAY MYCREATE,maycreate instant original whitening spray instant spray mycreate
562358068,train_2811016096,Viva Cosmetics Air Mawar 100ml,viva cosmetics air mawar 100ml
3926100920,train_1579938450,KANTONG ASI GEA BABY / GEA BREAST MILK STORAGE,kantong asi gea baby gea breast milk storage
994676122,train_59393500,100/1000 Pcs Ikat Karet Rambut Elastis Gaya Korea - Aksesoris Rambut,100/1000 pcs ikat karet rambut elastis gaya korea aksesoris rambut
3206118280,train_222101646,SOMEBYMI SOME BY MI - Yuja Niacin 30 Days Brightening Starter Kit 4ea / Solution 4-Step Kit 4ea,somebymi some by mi yuja niacin 30 days brightening starter kit 4ea solution 4-step kit 4ea
3926100920,train_1163739308,GEA BABY KANTONG ASI 120ml THERMAL SENSOR / GEABABY BREAST MILK BAG 120ML THERMAL SENSOR,gea baby kantong asi 120ml thermal sensor geababy breast milk bag 120ml thermal sensor
1091404026,train_2802783980,\xe2\xad\x90Bobastore\xe2\xad\x90 R108 KAOS KAKI PENDEK POLOS PRIA WANITA MURAH GROSIR IMPORT BATAM/ANAK REMAJA DAN DEWASA,xe2 xad x90bobastore xe2 xad x90 r108 kaos kaki pendek polos pria wanita murah grosir import batam/anak remaja dan dewasa
3113678103,train_438036326,SH Saringan/ Sambungan Keran Air Putar 360 Derajat,sh saringan/ sambungan keran air putar 360 derajat
66247839,train_2554398684,SARUNG TANGAN IGLOVE TOUCH SCREEN HP ANDROID GOJEK GRAB,sarung tangan iglove touch screen hp android gojek grab
4184214313,train_3504606446,KHIMAR MADINA XXXL ORIGINAL NIZAM SYARI JUMBO NONPED TALI BISA CADAR GOOD JERSY,khimar madina xxxl original nizam syari jumbo nonped tali bisa cadar good jersy
3113678103,train_1190240122,"BK Katup Sambungan Keran Wastafel Ekonomis Hemat Air, Anti Cipratan",bk katup sambungan keran wastafel ekonomis hemat air anti cipratan
3489985175,train_1485497212,"SABUN PEMUTIH TZUKI ORIGINAL PENGHILANG JERAWAT, ANTI AGING DAN FLEK HITAM",sabun pemutih tzuki original penghilang jerawat anti aging dan flek hitam
562358068,train_1518569647,VIVA Air Mawar,viva air mawar
994676122,train_2864046583,SK-C10 C25-27 Ikat Rambut Polos Set 20/50/100pcs Karet Rambut Wanita Model Korea Simple Bahan Karet,sk-c10 c25-27 ikat rambut polos set 20/50/100pcs karet rambut wanita model korea simple bahan karet
1141798720,train_1086903685,Maycreate lotion spray / sunscren lotion,maycreate lotion spray sunscren lotion
3489985175,train_1917049164,TZUKI INSTANT WHITENING FACE & BODY SOAP,tzuki instant whitening face body soap
731330024,train_1391899150,Tisu tempered glass / tissue pembersih layar hp / tissue hp / tisu anti gores,tisu tempered glass tissue pembersih layar hp tissue hp tisu anti gores
66247839,train_1273454865,Buy 1 Get 1 Free Sarung Tangan IGlove,buy 1 get 1 free sarung tangan iglove
66247839,train_3121886520,IGlove Sarung Tangan Touch Screen Cocok untuk Motor,iglove sarung tangan touch screen cocok untuk motor
1141798720,train_658862317,Paket dosis tinggi,paket dosis tinggi
1163569239,train_242506613,SCARLETT Serum By Felicya Angelista |Acne Serum |Brightly Ever After Serum |Serum Wajah,scarlett serum by felicya angelista acne serum brightly ever after serum serum wajah
159351600,train_3851641413,Gluta Collagen Soap Beautetox Whitemilky / Chocowhite ORIGINAL [Brightening Soap][BPOM],gluta collagen soap beautetox whitemilky chocowhite original brightening soap bpom
3489985175,train_1197918278,TZUKI SOAP ORIGINAL SABUN PEMUTIH BADAN DAN WAJAH BEAUTY SOAP PENGHILANG JERAWAT DI JAMIN ASLI 100 %,tzuki soap original sabun pemutih badan dan wajah beauty soap penghilang jerawat di jamin asli 100
1141798720,train_2123729460,MAYCREATE MOISTURIZING SPRAY 150ML ( 1 KG  6PCS),maycreate moisturizing spray 150ml 1 kg 6pcs
3489985175,train_3153572567,Sabun Tzuki,sabun tzuki
1141798720,train_2708192355,(TIDAK BISA LUAR JAWA)  MAYCREATE Sunblock Whitening Lotion Spray SPF 50 Tabir Surya Original,tidak bisa luar jawa maycreate sunblock whitening lotion spray spf 50 tabir surya original
1237550763,train_3321127680,Tas slempang cwo~cwe original,tas slempang cwo cwe original
3489985175,train_2628404353,Sabun tzuki soap original pemutih badan dan wajah - face body soap,sabun tzuki soap original pemutih badan dan wajah face body soap
1163569239,train_349984975,Scarlett Whitening Serum BPOM - Serum ACNE SCARTLETT - Serum BRIGHTLY EVER AFTER SCARLETT,scarlett whitening serum bpom serum acne scartlett serum brightly ever after scarlett
159351600,train_3274592078,READY Gluta Collagen Soap,ready gluta collagen soap
3206118280,train_1454141440,Some by mi yuja niacin brightening starter kit / brightening solution kit,some by mi yuja niacin brightening starter kit brightening solution kit
994676122,train_2566709185,100 pcs karet ikat rambut elastis,100 pcs karet ikat rambut elastis
159351600,train_2847244918,FREE JARING Sabun Gluta collagen soap whitemilky dan CHOCOWHITE,free jaring sabun gluta collagen soap whitemilky dan chocowhite
1091404026,train_2943962326,BBBC Kaos Kaki Wanita Motif 3 Warna Import Semata Kaki Bayar Ditempat (),bbbc kaos kaki wanita motif 3 warna import semata kaki bayar ditempat
1141798720,train_3454652975,MAYCREATE MOISTURIZING SPRAY 150ML / Spray pemutih Korea,maycreate moisturizing spray 150ml spray pemutih korea
1091404026,train_3253974953,HO KAOS KAKI WANITA MOTIF POLOS IMPOR SEMATA KAKI #BISA BAYAR DITEMPAT(COD),ho kaos kaki wanita motif polos impor semata kaki bisa bayar ditempat cod
3113678103,train_3785317484,Sambungan Kran Air FLEXIBLE / Filter Kran Flexibel (packing dus),sambungan kran air flexible filter kran flexibel packing dus
3489985175,train_3125518001,BELI 2 GRATIS 1 Sabun Tzuki Perawatan Wajah | Sabun Tzuki Original | Sabun Tzuki Asli 100%,beli 2 gratis 1 sabun tzuki perawatan wajah sabun tzuki original sabun tzuki asli 100
66247839,train_121718242,Sarung Tangan Iglove Sensitif TouchScreen Handphone Driver Gojek Grab,sarung tangan iglove sensitif touchscreen handphone driver gojek grab
66247839,train_1198874187,Sarung Tangan Touch Screen Gloves Gojek Grab iGLOVE,sarung tangan touch screen gloves gojek grab iglove
66247839,train_4236194881,Sarung Tangan iGlove Sarung Tangan Touch Screen 1 pasang,sarung tangan iglove sarung tangan touch screen 1 pasang
66247839,train_770123511,Sarung Tangan iGlove Touch Screen Gloves for Smartphones & Tablet Sarung Tangan Driver Motor,sarung tangan iglove touch screen gloves for smartphones tablet sarung tangan driver motor
66247839,train_138694195,iGLOVE TOUCH SCREEN GL100 / iGLOVE SARUNG TANGAN MOTOR,iglove touch screen gl100 iglove sarung tangan motor
3113678103,train_1357739170,FLEXIBLE KRAN AIR / SAMBUNGAN KERAN FLEKSIBEL,flexible kran air sambungan keran fleksibel
1163569239,train_1848632939,[RESELLER]SCARLETT WHITENING Brightly Ever After & Acne Serum BPOM 15mL,reseller scarlett whitening brightly ever after acne serum bpom 15ml
1141798720,train_1913449144,Mycreate hydrating spray,mycreate hydrating spray
1141798720,train_1540761220,WHITENING SUNSCREEN SPRAY 150ML / MOISTURIZING SPRAY ICALIJEP EXPIRED 2023,whitening sunscreen spray 150ml moisturizing spray icalijep expired 2023
66247839,train_1099355015,Sarung Tangan Touch Screen Untuk Smartphones & Tablet APSC03BK,sarung tangan touch screen untuk smartphones tablet apsc03bk
3206118280,train_1462096853,Some By Mi Yuja Niacin Brightening Starter Kit,some by mi yuja niacin brightening starter kit
3113678103,train_1156325383,Sambungan Kran Air Faucet Plastic Shower Head Water Saving-sweetbee,sambungan kran air faucet plastic shower head water saving-sweetbee
1091404026,train_689639496,[1KG = 70PCS] MGM12 COD NEW Kaos Kaki Ankle Wanita Kaos Kaki Motif Polkadot dan Garis Produk Import,1kg 70pcs mgm12 cod new kaos kaki ankle wanita kaos kaki motif polkadot dan garis produk import
1163569239,train_3967271817,SCARLETT Brightly Ever After Serum,scarlett brightly ever after serum
1163569239,train_2309045515,Scarlett Whitening Brightly Ever After Serum /  Scarlett Whitening Acne Serum,scarlett whitening brightly ever after serum scarlett whitening acne serum
871679006,train_1941395339,Pot Tanaman Hias Dekorasi Bunga Bonsai Palsu Untuk Dekorasi Rumah / Kantor / Hotel PPN,pot tanaman hias dekorasi bunga bonsai palsu untuk dekorasi rumah kantor hotel ppn
3113678103,train_3254405700,Sambungan Keran Air + Saringan Filter Keran Air Kipas Flexible v4 Splash Shower,sambungan keran air + saringan filter keran air kipas flexible v4 splash shower
3113678103,train_90356826,Sambungan Kran FLEXIBLE irit air Keran Splash Shower Harmonika,sambungan kran flexible irit air keran splash shower harmonika
1163569239,train_100918337,SCARLETT SERUM,scarlett serum
731330024,train_3394916135,Tissue Tisu basah & kering Tempered glass Isi 10Pcs,tissue tisu basah kering tempered glass isi 10pcs
1237550763,train_3541138696,(COD) RR WAISTBAG AS - Tas Selempang Pria Wanita,cod rr waistbag as tas selempang pria wanita
1163569239,train_612230357,Scarlett Whitening Brightly Ever After Serum & Acne Serum,scarlett whitening brightly ever after serum acne serum
3113678103,train_49782600,Sambungan Kran Air Fleksibel Elastis Lentur Mudah Diputar,sambungan kran air fleksibel elastis lentur mudah diputar
1746655739,train_2019057454,Acnol Lotion Obat Jerawat Cair 10ml,acnol lotion obat jerawat cair 10ml
3113678103,train_163710515,Sambungan Kran Air Flexible 360 derajat,sambungan kran air flexible 360 derajat
452508504,train_4264559944,HOLDER BUNGA MOBILE PHONE BRACKET HOLDER GURITA BESI 360 - WARNA RANDOM,holder bunga mobile phone bracket holder gurita besi 360 warna random
1746655739,train_1092917111,Acnol Lotion 10 ml (Acnol Obat Jerawat),acnol lotion 10 ml acnol obat jerawat
3926100920,train_38089920,Gea Baby Kantong Asi 120ml,gea baby kantong asi 120ml
3489985175,train_4143934182,Sabun Tzuki,sabun tzuki
871679006,train_115198787,RAB Tanaman Pohon Bulat Artificial Pot Bunga Hias Dekorasi Meja / Pot Bunga Hiasan Lemari BUNGA 01,rab tanaman pohon bulat artificial pot bunga hias dekorasi meja pot bunga hiasan lemari bunga 01
3489985175,train_2693172383,Sabun Tzuki Original Di Jamin !00% Asli,sabun tzuki original di jamin 00 asli
159351600,train_4286138740,[READY STOCK]  GLUTA COLLAGEN SOAP / GCS KEMASAN TERBARU BEAUTETOX,ready stock gluta collagen soap gcs kemasan terbaru beautetox
1141798720,train_3195325438,NEW IMPORT -Spray Pemutih Kulit Korea Original - Lotion Pemutih Badan Maycreate Whitening Body Spray,new import -spray pemutih kulit korea original lotion pemutih badan maycreate whitening body spray
1141798720,train_365461299,New Import !! Spray Pemutih Kulit Korea - Maycreate Spray Isolation Protection Body Cream - 150 ml,new import spray pemutih kulit korea maycreate spray isolation protection body cream 150 ml
1141798720,train_4060693827,[COD] 1KG MUAT 6PC READYSTOCK Maycreate Spray UV Mouisturizing Whitening Pemutih,cod 1kg muat 6pc readystock maycreate spray uv mouisturizing whitening pemutih
731330024,train_1517747731,TISSUE TEMPERED GLASS TISU,tissue tempered glass tisu
1091404026,train_2221573232,ELBER D060 KAOS KAKI POLOS BAHAN SPANDEK PLUS POLYESTER KAOS KAKI MURAH BATAM KAOS KAKI IMPORT,elber d060 kaos kaki polos bahan spandek plus polyester kaos kaki murah batam kaos kaki import
731330024,train_2996797715,TISSUE SCREEN GUARD - tissue pembersih layar kaca hp tempered glass anti gores basah kering lensa,tissue screen guard tissue pembersih layar kaca hp tempered glass anti gores basah kering lensa
731330024,train_441554325,Tissu Tempered Glass Basah Dan Kering 1 Set Tisu Pembersih Layar Hp tissue,tissu tempered glass basah dan kering 1 set tisu pembersih layar hp tissue
159351600,train_3560974982,"[READY STOCK, FREE JARING SABUN!!!] Gluta collagen Soap Chocowhite dan Whitemilky",ready stock free jaring sabun gluta collagen soap chocowhite dan whitemilky
452508504,train_215582051,holder hp bunga gurita 2 sisi chrome flexible vip flower perekat ring magic suction cup pack dus,holder hp bunga gurita 2 sisi chrome flexible vip flower perekat ring magic suction cup pack dus
731330024,train_1936892244,TISSUE TISU TEMPERED GLASS,tissue tisu tempered glass
3206118280,train_4218482199,some by mi yuja niacin 30 days brightening starter kit (4 items) / somebymi,some by mi yuja niacin 30 days brightening starter kit 4 items somebymi
1746655739,train_1550472148,\xe2\x9d\xa4\xef\xb8\x8fTOKO SP\xe2\x9d\xa4\xef\xb8\x8f ACNOL LOTION 10ML / OBAT JERAWAT ACNOL / ACNOL LOTION FOR ACNE 10ML,xe2 x9d xa4 xef xb8 x8ftoko sp xe2 x9d xa4 xef xb8 x8f acnol lotion 10ml obat jerawat acnol acnol lotion for acne 10ml
562358068,train_4128551344,VIVA AIR MAWAR 100 ML,viva air mawar 100 ml
3206118280,train_1918836135,SOMEBYMI Yuja Niacin 30 Days Brightening Starter Kit,somebymi yuja niacin 30 days brightening starter kit
452508504,train_3779080322,Holder Bunga Gurita 2 sisi chrome flexible vip flower perekat ring magic suction cup,holder bunga gurita 2 sisi chrome flexible vip flower perekat ring magic suction cup
1091404026,train_3709603918,Kaos kaki cute 01-best seller angkle Jakarta,kaos kaki cute 01-best seller angkle jakarta
562358068,train_2475719623,Viva - Air Mawar 100ml[BPOM],viva air mawar 100ml bpom
871679006,train_866298204,[1KG=13 PCS] (1) JG216 COD POT TANAMAN BUNGA DEKORASI RUMAH TANAMAN HIAS TANAMAN BUNGA HIAS PLASTIK,1kg 13 pcs 1 jg216 cod pot tanaman bunga dekorasi rumah tanaman hias tanaman bunga hias plastik
66247839,train_1431545311,iglove sarung tangan touch screen untuk smartphone & tablet /sarung tangan grab gojek layar sentuh,iglove sarung tangan touch screen untuk smartphone tablet /sarung tangan grab gojek layar sentuh
3001123709,train_2222653714,( PROMO TERMURAH ) READY BREYLEE BLACKHEAD MASK Step 1 ORIGNAL 100% TERMURAH!!!,promo termurah ready breylee blackhead mask step 1 orignal 100 termurah
952183003,train_862823398,[ COD ] [PISAU APEL] PISAU DAPUR KECIL / PISAU BUAH TAJAM MURAH GROSIR BL,cod pisau apel pisau dapur kecil pisau buah tajam murah grosir bl
1746655739,train_4084959673,"Acnol lotion 10ml - for acne, jerawat per pot",acnol lotion 10ml for acne jerawat per pot
4184214313,train_2707736222,FRENCH KHIMAR MADINA 2 IN 1 NIQOB JUMBO XXL,french khimar madina 2 in 1 niqob jumbo xxl
952183003,train_1812954730,Pisau Stainless Buah Pisau Apel Pisau Sayuran,pisau stainless buah pisau apel pisau sayuran
3489985175,train_3703926004,SABUN TZUKI  SABUN PEMUTIH WAJAH KULIT BADAN ORIGINAL BELI 2 GRATIS 1,sabun tzuki sabun pemutih wajah kulit badan original beli 2 gratis 1
952183003,train_2806242667,PISAU APEL BUAH STAINLESS / PISAU STAINLESS / PISAU SAYUR / PISAU BUAH / PISAU KECIL,pisau apel buah stainless pisau stainless pisau sayur pisau buah pisau kecil
952183003,train_4281326002,[100 Gram ] Pisau Buah Sayuran Stainless,100 gram pisau buah sayuran stainless
1237550763,train_2140425851,MORYMONY WAISTBAG AS - Tas Selempang Pria Wanita,morymony waistbag as tas selempang pria wanita
871679006,train_4113811478,1Pc Pot Bunga Model Imitasi untuk Dekorasi Natal,1pc pot bunga model imitasi untuk dekorasi natal
66247839,train_3945694365,I-Glove Sarung Tangan Capacitive Smartphone,i-glove sarung tangan capacitive smartphone
952183003,train_4078545104,PISAU APEL,pisau apel
952183003,train_4290732312,[ 1 Kg 24 Pcs ] Pisau Apel Stainless / Pisau Apel,1 kg 24 pcs pisau apel stainless pisau apel
3206118280,train_3104413883,Somebymi Yuja Niacin 30 Days Brightening Starter Kit,somebymi yuja niacin 30 days brightening starter kit
3206118280,train_1696674312,SOMEBYMI YUJA NIACIN 30 DAYS BRIGHTENING STARTER KIT / SOME BY MI,somebymi yuja niacin 30 days brightening starter kit some by mi
952183003,train_3145458285,Promo Pisau Buah Stainless / Pisau Apel,promo pisau buah stainless pisau apel
2259957740,train_2633812284,Rechargeable Selfie Ring Light Lamp Lampu Selfi FlashLight Lingkaran 36 LED 3 Tingkat Pencahayaan,rechargeable selfie ring light lamp lampu selfi flashlight lingkaran 36 led 3 tingkat pencahayaan
562358068,train_3178048969,VIVA AIR MAWAR,viva air mawar
994676122,train_3307737696,BBBC Ikat Karet Rambut Elastis Warna Polos 2 Warna 100Pcs Gaya Korea Untuk Wanita,bbbc ikat karet rambut elastis warna polos 2 warna 100pcs gaya korea untuk wanita
994676122,train_47863261,50pcs Ikat Rambut Korea,50pcs ikat rambut korea
562358068,train_389026721,Viva air mawar,viva air mawar
562358068,train_3609122916,"Viva Air Mawar, Milk Cleanser & Face Tonic",viva air mawar milk cleanser face tonic
1746655739,train_3188845840,Acnol Lotion 10ml,acnol lotion 10ml
1141798720,train_2664816648,Maycreate Moisturizing Spray Original 150 ML,maycreate moisturizing spray original 150 ml
1091404026,train_639185468,Syra.footwear Kauskaki Kaoskaki Wanita Dewasa Korea Import LEMBUT BERKUALITAS - SHG2003,syra footwear kauskaki kaoskaki wanita dewasa korea import lembut berkualitas shg2003
994676122,train_11694834,VNS Ikat Rambut Aksesoris Kotak Karet Tali Rambut Tinggi Elastis Aksesoris,vns ikat rambut aksesoris kotak karet tali rambut tinggi elastis aksesoris
3001123709,train_3759733339,Breylee Step 2 Serum Wajah Pengecil Pori-pori skincare Pemurnian Pori Serum 17ml,breylee step 2 serum wajah pengecil pori-pori skincare pemurnian pori serum 17ml
1091404026,train_911623964,\xe2\x9d\x84 TMALL \xe2\x9d\x84 R108 Kaos Kaki Polos Pria Wanita Bahan Spandek Plus Polyester Fashion Import Murah,xe2 x9d x84 tmall xe2 x9d x84 r108 kaos kaki polos pria wanita bahan spandek plus polyester fashion import murah
1237550763,train_2930367783,Waistbag Pria USB Waterproof Pushop Black Phan,waistbag pria usb waterproof pushop black phan
994676122,train_3434987130,100 Pcs Ikat Rambut Model Korea Polos Elastis Gaya Korea,100 pcs ikat rambut model korea polos elastis gaya korea
4184214313,train_1897646511,Hijab Instan Cadar Niqab Anti Corona / Khimar Masker Cadar / Khimar Syari Jersey Cadar /Khimar Niqab,hijab instan cadar niqab anti corona khimar masker cadar khimar syari jersey cadar /khimar niqab
159351600,train_2072061027,(bisa grosir) Gluta Collagen SOAP Beautetox (free jaring),bisa grosir gluta collagen soap beautetox free jaring
3206118280,train_77206878,SOME BY MI YUJA NIACIN BRIGHTENING STARTER KIT,some by mi yuja niacin brightening starter kit
3113678103,train_2200661537,OKK Sambungan Kran FLEXIBLE Filter Air Anti Splash Shower / Saringan Filter Kran AiR,okk sambungan kran flexible filter air anti splash shower saringan filter kran air
3206118280,train_1371561343,Somebymi Yuja Niacin 30 Days Brightening Starter Kit (4 Items),somebymi yuja niacin 30 days brightening starter kit 4 items
562358068,train_155628598,Viva Milk Cleanser Susu Pembersih | Viva Face Tonic Penyegar Toner,viva milk cleanser susu pembersih viva face tonic penyegar toner
562358068,train_1025570379,VIVA AIR MAWAR 100ml,viva air mawar 100ml
159351600,train_3134779648,READY STOCK GLUTA COLLAGEN SOAP BY BEAUTETOX,ready stock gluta collagen soap by beautetox
3113678103,train_1975054729,Sambungan Keran Kran Air Faucet Plastic Shower Head Water Saving - Spiral FKT.206-1,sambungan keran kran air faucet plastic shower head water saving spiral fkt 206-1
952183003,train_1472702975,Souvenir pisau sarung apel kemas plastik,souvenir pisau sarung apel kemas plastik
3926100920,train_306647344,GEA Baby Kantong Asi Isi 30 Pcs 120ml / Breast Milk Bag Safari Edition,gea baby kantong asi isi 30 pcs 120ml breast milk bag safari edition
66247839,train_4110688751,iGlove Sarung Tangan i-Glove touch screen gloves motor gojek hp Tablet touchscreen smartphone ios,iglove sarung tangan i-glove touch screen gloves motor gojek hp tablet touchscreen smartphone ios
452508504,train_1810416104,Holder Gurita Bunga Holder VIP Gurita Universal Sucker Phone Holder 360 Rotatable,holder gurita bunga holder vip gurita universal sucker phone holder 360 rotatable
4184214313,train_1469348724,JILBAB SAFETY MASK NIQAB ANTI CORONA / JILBAB INSTAN / JILBAB SYRIA / JILBAB JERSY / BILLYSCRAFT,jilbab safety mask niqab anti corona jilbab instan jilbab syria jilbab jersy billyscraft
994676122,train_1000804730,Karet Rambut Wanita Model Korea,karet rambut wanita model korea
452508504,train_470130324,Holder Bunga Gurita Flexible flower universal holder,holder bunga gurita flexible flower universal holder
871679006,train_2005728902,Ornamen Pot Bonsai Tanaman Bunga Bonsai Dekorasi Rumah Tanaman Hias Plastik Murah Import HA19,ornamen pot bonsai tanaman bunga bonsai dekorasi rumah tanaman hias plastik murah import ha19
3113678103,train_901922858,Diskon  Sambungan Tambahan Keran Kran Air Filter Aerator Putar 360 Saringan OK,diskon sambungan tambahan keran kran air filter aerator putar 360 saringan ok
2259957740,train_1696576259,[ORIGINAL] RINGLIGHT / RING SELFIE BEAUTY CLIP FLASH LIGHT / LAMPU SELFIE LED,original ringlight ring selfie beauty clip flash light lampu selfie led
1163569239,train_913153922,Scarlet Whitening Brightly Ever After Serum,scarlet whitening brightly ever after serum
452508504,train_2807004019,Holder HP VIP Gurita 2 Sisi Flexible 360 Degree Flower Suction Cup Random,holder hp vip gurita 2 sisi flexible 360 degree flower suction cup random
3489985175,train_2555825988,[BISA COD] BELI 2 GRATIS 1 -  SABUN TZUKI SOAP - SABUN TZUKI PEMUTIH ORIGINAL,bisa cod beli 2 gratis 1 sabun tzuki soap sabun tzuki pemutih original
562358068,train_876376110,VIVA Air Mawar 100ml 100 ml / Kenzie77Shop,viva air mawar 100ml 100 ml kenzie77shop
3926100920,train_2015213139,TERMURAH Kantong Asi dengan SENSOR PANAS Gea Baby 120ml 200ml 250ml cherrybabykidsshop LC,termurah kantong asi dengan sensor panas gea baby 120ml 200ml 250ml cherrybabykidsshop lc
3926100920,train_3349558378,[BPOM] GEA BABY Kantong Asi 120ml / Breast Milk Bag isi 30 Pcs KANTONG ASI,bpom gea baby kantong asi 120ml breast milk bag isi 30 pcs kantong asi
159351600,train_3633103106,[READY STOCK] Whitening Gluta collagen soap chocowhite whitemilky sabun kolagen,ready stock whitening gluta collagen soap chocowhite whitemilky sabun kolagen
871679006,train_316437060,NM349 Bunga plastik / Pajangan bunga Artifisial / motif nanas buatan/Vas Bulat,nm349 bunga plastik pajangan bunga artifisial motif nanas buatan/vas bulat
4184214313,train_879214174,Hijab Instan Cadar Niqab Anti Corona / Khimar Masker Cadar / Khimar Syari Jersey Cadar /Khimar Niqab,hijab instan cadar niqab anti corona khimar masker cadar khimar syari jersey cadar /khimar niqab
1163569239,train_450257935,SCARLETT WHITENING SERUM BRIGHTLY - SERUM ACNE SCARLETT BY FELICIA,scarlett whitening serum brightly serum acne scarlett by felicia
1163569239,train_1639533062,[READY] Scarlett Whitening Serum Brightly Ever After / Serum Acne Scarlett serum scarlett by felicia,ready scarlett whitening serum brightly ever after serum acne scarlett serum scarlett by felicia
3001123709,train_563147993,BREYLEE STEP 1 - Blackhead Remover Mask Skincare Peeling Off + 100pcs Sheet Paper,breylee step 1 blackhead remover mask skincare peeling off + 100pcs sheet paper
159351600,train_1906102508,[READY STOCK SIAP KIRIM] Sabun Whitening Gluta Collagen Beautetox Chocowhite Whitemilky soap,ready stock siap kirim sabun whitening gluta collagen beautetox chocowhite whitemilky soap
1163569239,train_2378747866,SERUM ACNE DAN BRIGHTLY SCARLETT WHITENING ORIGINAL,serum acne dan brightly scarlett whitening original
994676122,train_1500350068,100pcs/kantong Karet Rambut Elastis Gaya Korea Untuk Wanita,100pcs/kantong karet rambut elastis gaya korea untuk wanita
3489985175,train_2601019757,Tsuki Soap - Sabun Tzuki Original - promo Beli 2 gratis 1,tsuki soap sabun tzuki original promo beli 2 gratis 1
1746655739,train_3337799736,(Isi 2) ORIGINAL ACNOL LOTION 10ML / Obat Jerawat,isi 2 original acnol lotion 10ml obat jerawat
562358068,train_319894214,Viva Air Mawar 100mL / Viva Pembersih Wajah,viva air mawar 100ml viva pembersih wajah
3206118280,train_2279724692,[SOME BY MI] Yuja Niacin 30Days Brightening Starter Kit,some by mi yuja niacin 30days brightening starter kit
731330024,train_1345915637,Tissue Tisu basah kering Tempered glass anti gores kaca screen guard,tissue tisu basah kering tempered glass anti gores kaca screen guard
2259957740,train_107168612,[Selfie Ring] Ring Light Selfie Led / Selfie FlashLight Lingkaran 36 LED 3 Tingkat Light Clip Camera,selfie ring ring light selfie led selfie flashlight lingkaran 36 led 3 tingkat light clip camera
3206118280,train_4272020729,Somebymi YUJA NIACIN 30 Days Brightening Starter KIT,somebymi yuja niacin 30 days brightening starter kit
1091404026,train_1037264235,Kaos Kaki Pria Hidden Sock Pendek Bawah Mata Kaki Nike Foot Cover Olahraga Polos Terbaru,kaos kaki pria hidden sock pendek bawah mata kaki nike foot cover olahraga polos terbaru
3206118280,train_120575853,Somebymi Yuja Niacin STARTER KIT,somebymi yuja niacin starter kit
3113678103,train_1775427584,Sambungan Kran FLEXIBLE irit air Keran Splash Shower,sambungan kran flexible irit air keran splash shower
871679006,train_3785687053,COD / Pot Tanaman Dekorasi Rumah Tanaman Hias Bunga Hias Plastik P002,cod pot tanaman dekorasi rumah tanaman hias bunga hias plastik p002
952183003,train_1384244345,PISAU APEL STAINLESS / PISAU SAYUR / PISAU BUAH / PISAU STAINLESS,pisau apel stainless pisau sayur pisau buah pisau stainless
159351600,train_3869843407,Gluta collagen soap (READY STOCK) FREE NET SOAP,gluta collagen soap ready stock free net soap
1237550763,train_839939872,(COD) WAISTBAG AS - Tas Selempang Pria Wanita,cod waistbag as tas selempang pria wanita
1237550763,train_1852384558,Waist Bag - Tas Selempang Pria,waist bag tas selempang pria
3113678103,train_3382714342,[832-P ] FLEXIBLE SAMBUNGAN KRAN FLEXIBLE ~kc,832-p flexible sambungan kran flexible kc
1141798720,train_3332324456,MAYCREATE MOISTURIZING SPRAY 150ML / KIMBERLIN,maycreate moisturizing spray 150ml kimberlin
4184214313,train_2772495002,"b""Jilbab syar'i 2aulia jumbo list Kombi min 5pcs/ model""",b jilbab syar i 2aulia jumbo list kombi min 5pcs/ model
1163569239,train_2305367958,SCARLETT WHITENING SERUM / BRIGHTLY EVER AFTER SERUM / ACNE SERUM / SERUM WAJAH,scarlett whitening serum brightly ever after serum acne serum serum wajah
2259957740,train_3153272910,Ring Light Selfie LED / Lampu Selfie Bulat Untuk Kamera Camera HP Flash Charm Eyes - GENVANA,ring light selfie led lampu selfie bulat untuk kamera camera hp flash charm eyes genvana
3206118280,train_1441713975,SOME BY MI Yuja Niacin Brightening Starter Kit 4 item,some by mi yuja niacin brightening starter kit 4 item
1141798720,train_1850201761,MAYCREATE Moisturizing Whitening Sunscreen Isolation Protection Spray,maycreate moisturizing whitening sunscreen isolation protection spray
1746655739,train_1597284852,Acnol Lotion,acnol lotion
3926100920,train_1914282685,GEA Baby Kantong ASI 120ml 200ml 250ml Sensor Panas,gea baby kantong asi 120ml 200ml 250ml sensor panas
3001123709,train_643676795,BREYLEE Varian STEP 1 Blackhead & STEP 2 Pore Serum,breylee varian step 1 blackhead step 2 pore serum
4184214313,train_143260486,JILBAB SAFETY MASK NIQAB ANTI CORONA / JILBAB INSTAN / JILBAB SYRIA / JILBAB JERSY / BILLYSCRAFT,jilbab safety mask niqab anti corona jilbab instan jilbab syria jilbab jersy billyscraft
1237550763,train_2200953573,WAISTBAG AS/TAS SELEMPANG PRIA DAN WANITA,waistbag as/tas selempang pria dan wanita
2259957740,train_2330331338,SELFIE RING LIGHT/LAMPU RING SELFIE,selfie ring light/lampu ring selfie
1091404026,train_967283249,Kaos Kaki 3 warna Ankle Kaos kaki Cute Kaos Kaki Aneka Motif semata kaki,kaos kaki 3 warna ankle kaos kaki cute kaos kaki aneka motif semata kaki
452508504,train_1545755534,Car Holder HP Bunga Flexible Universal Gekko VIP Stand Holder HP Flower,car holder hp bunga flexible universal gekko vip stand holder hp flower
1091404026,train_372171572,Grosir - K312 Kaos Kaki Polos Semata Kaki / Kaos Kaki Ankle Cute / Socks / Short Socks/ Sepatu,grosir k312 kaos kaki polos semata kaki kaos kaki ankle cute socks short socks/ sepatu
871679006,train_3558788911,Pot Bonsai Palsu Tanaman Hias Dekorasi Bunga Untuk Dekorasi Rumah / Kantor / Hotel ZPPN,pot bonsai palsu tanaman hias dekorasi bunga untuk dekorasi rumah kantor hotel zppn
4184214313,train_1095245150,MADINA CADAR HIJAB JUMBO XL uk 100x120cm,madina cadar hijab jumbo xl uk 100x120cm
2259957740,train_1508417191,Ring Selfie Light - Lampu Selfie Ring Bulat -  Selfie Lamp Flashlight,ring selfie light lampu selfie ring bulat selfie lamp flashlight
452508504,train_214385673,Holder Gurita Besi / Holder VIP Universal Sucker Phone 360,holder gurita besi holder vip universal sucker phone 360
1141798720,train_3956550694,ORIGINAL Maycreate Moisturizing Spray 150ml / Maycreate Spray UV Moisturizing whitening,original maycreate moisturizing spray 150ml maycreate spray uv moisturizing whitening
66247839,train_2548556909,I Glove Sarung Tangan Iglove TOUCH SCREEN Capacitive Smartphone & Tablet Android,i glove sarung tangan iglove touch screen capacitive smartphone tablet android
3113678103,train_2326532166,Sambungan Kran Air flexible/Saringan Kran Air/Filter Air Anti Splash Shower flexible,sambungan kran air flexible/saringan kran air/filter air anti splash shower flexible
562358068,train_2573060829,Viva Air Mawar,viva air mawar
562358068,train_745074374,Viva Air Mawar 100ml,viva air mawar 100ml
1163569239,train_726415384,[ SCARLETT ] WHITENING BRIGHTLY EVER AFTER SERUM / ACNE SERUM / SERUM WAJAH ASLI BPOM,scarlett whitening brightly ever after serum acne serum serum wajah asli bpom
1746655739,train_2174196001,ACNOL LOTION 10 ML / LOTION FOR ACNE,acnol lotion 10 ml lotion for acne
1746655739,train_3674326263,ACNOL LOTION FOR ACNE ISI 10ML,acnol lotion for acne isi 10ml
3001123709,train_1652834412,Breylee Masker Peel Off untuk Step 1 - Menghilangkan Komedo Hitam dan Step 2 - Mengecilkan Pori-Pori,breylee masker peel off untuk step 1 menghilangkan komedo hitam dan step 2 mengecilkan pori-pori
452508504,train_103331682,LC Holder Bunga / Flexible FLOWER Universal Holder / Car Holder / Holder Hp VIP,lc holder bunga flexible flower universal holder car holder holder hp vip
452508504,train_620742830,Magic Suction / Magic Holder / Bracket / Gurita Standing Handphone Car / Magic Suction Cup Mobile,magic suction magic holder bracket gurita standing handphone car magic suction cup mobile
452508504,train_992288992,[TOKO MURAH ONLINE] Holder HP Universal Gurita VIP Flower Stand Handphone Flexible 360 deg,toko murah online holder hp universal gurita vip flower stand handphone flexible 360 deg
3113678103,train_253683720,Sambungan kran air flexible pake packingan,sambungan kran air flexible pake packingan
3206118280,train_1308680115,Somebymi yuja niacin 30 days brightening starter kit,somebymi yuja niacin 30 days brightening starter kit
731330024,train_911930079,Tissue Tisue Tisu Tempered Glass 1set Tisu Basah Dan Kering,tissue tisue tisu tempered glass 1set tisu basah dan kering
994676122,train_1641622956,Ikat rambut kecil import isi 100 pcs + free pouch,ikat rambut kecil import isi 100 pcs + free pouch
1163569239,train_948110932,SCARLETT SERUM [READY] WHITENING ACNE & BRIGHTLY EVER AFTER ORIGINAL BPOM By Felicya Angelista,scarlett serum ready whitening acne brightly ever after original bpom by felicya angelista
994676122,train_3173013958,100 Pcs Ikat Rambut Karet Polos Elastis Gaya Korea untuk Wanita,100 pcs ikat rambut karet polos elastis gaya korea untuk wanita
994676122,train_784571098,100Pcs Karet Ikat Rambut Elastis Gaya Klasik untuk Wanita,100pcs karet ikat rambut elastis gaya klasik untuk wanita
452508504,train_2840159142,Car Holder Flower Flexible Universal Gekko VIP Stand Holder HP Bunga,car holder flower flexible universal gekko vip stand holder hp bunga
731330024,train_645341534,Tisu Tempered Glass Pembersih Layar LCD Kaca Hp Tissue Anti Gores,tisu tempered glass pembersih layar lcd kaca hp tissue anti gores
3926100920,train_1720349146,[HARGA PROMO] GEA Baby Kantong Asi / Milk Bag Safari Edition 120ml Isi 30pcs,harga promo gea baby kantong asi milk bag safari edition 120ml isi 30pcs
3926100920,train_3556801163,[HARGA PROMO] GEA BABY KANTONG ASI 120 / 200 / 250 ML Milk Bag Safari Mammal Edition 120ml Isi 30pcs,harga promo gea baby kantong asi 120 200 250 ml milk bag safari mammal edition 120ml isi 30pcs
1746655739,train_1253139441,Acnol Lotoin For Acne,acnol lotoin for acne
3113678103,train_232189854,[ACQ] Sambungan Keran Air Flexible [A1],acq sambungan keran air flexible a1
3489985175,train_2465075561,Paket Reguler 1 Sabun Tzuki,paket reguler 1 sabun tzuki
452508504,train_2443572885,MAKASAR-CAR HOLDER BRAKET HP 360 \xc2\xb0/\xe2\x80\xa2 PUTARAN,makasar-car holder braket hp 360 xc2 xb0/ xe2 x80 xa2 putaran
1163569239,train_1041715554,SCARLETT WHITENING ACNE SERUM - SERUM JERAWAT SCARLETT,scarlett whitening acne serum serum jerawat scarlett
731330024,train_1545529902,Tissue Tempered Glass Tisu Tempered Glass,tissue tempered glass tisu tempered glass
871679006,train_1004671505,Bonsai Mini Bunga Hias bentuk bulat mini Bunga artifisial bunga dekorasi bunga pajangan bunga BP8805,bonsai mini bunga hias bentuk bulat mini bunga artifisial bunga dekorasi bunga pajangan bunga bp8805
66247839,train_398849180,iGlove Touch Gloves for Smartphones & Tablet Sarung Tangan Motor,iglove touch gloves for smartphones tablet sarung tangan motor
3206118280,train_3123064774,SOMEBYMI SOME BY MI - Yuja Niacin 30 Days Brightening Starter Kit 4 Items,somebymi some by mi yuja niacin 30 days brightening starter kit 4 items
3206118280,train_61724982,some by mi yuja niacin 30 days brightening starter kit (4 items),some by mi yuja niacin 30 days brightening starter kit 4 items
871679006,train_2034217808,[Bayar Di Tempat]Livecity Tanaman Bonsai Palsu untuk Dekorasi Rumah / Kantor / Hotel,bayar di tempat livecity tanaman bonsai palsu untuk dekorasi rumah kantor hotel
3001123709,train_2996646379,BREYLEE 1 set Blackhead Nose Remover Mask Skincare Peeling Off + 100pcs Sheet Paper,breylee 1 set blackhead nose remover mask skincare peeling off + 100pcs sheet paper
952183003,train_1301540544,Pisau Apel Stainless / Pisau Apel,pisau apel stainless pisau apel
1141798720,train_1799291694,MAYCREATE MOISTURIZING SPRAY,maycreate moisturizing spray
3926100920,train_213605264,GEA BABY LION KANTONG ASI 120ML x 30PCS,gea baby lion kantong asi 120ml x 30pcs
1746655739,train_284502269,Acnol Lotion Jerawat 10ml,acnol lotion jerawat 10ml
1163569239,train_149240701,[BPOM] SCARLETT Whitening Acne Serum 15ml,bpom scarlett whitening acne serum 15ml
159351600,train_4280580992,[ORI] Gluta Collagen SOAP,ori gluta collagen soap
952183003,train_3655323022,Pisau Sarung Motif Apel,pisau sarung motif apel
2259957740,train_1649344261,Grosir - R250 Ring Light Selfie LED / Lampu Selfie Bulat Untuk Kamera HP Rechargeable,grosir r250 ring light selfie led lampu selfie bulat untuk kamera hp rechargeable
731330024,train_4093716985,Tissue Tisue Tisu Tempered Glass 1 Set Tisu Basah dan Kering,tissue tisue tisu tempered glass 1 set tisu basah dan kering
3206118280,train_3707060629,SOME BY MI Yuja Niacin Brightening Starter Kit,some by mi yuja niacin brightening starter kit
3489985175,train_835835864,Sabun Tzuki Soap Pemutih Kulit Wajah Dan Badan 100% Original,sabun tzuki soap pemutih kulit wajah dan badan 100 original
731330024,train_1638292695,TISSUE TEMPERED GLASS wet and dry TISSUE anti gores pembersih layar HP/iPAD/TAB,tissue tempered glass wet and dry tissue anti gores pembersih layar hp/ipad/tab
731330024,train_2390943309,Tisu tissue isi dua kering dan basah pembersih handphone untuk menempel tempered glass,tisu tissue isi dua kering dan basah pembersih handphone untuk menempel tempered glass
2259957740,train_3663389447,Ring selfie,ring selfie
1141798720,train_3178715139,Maycreate Moisturizing Spray Mencerahkan Instant SPF 50 ORIGINAL,maycreate moisturizing spray mencerahkan instant spf 50 original
731330024,train_1422170664,TISU TEMPERED GLASS/TISU PEMBERSIH TEMPERED GLASS,tisu tempered glass/tisu pembersih tempered glass
3926100920,train_228105934,Kantong asi gea baby thermal sensor 120 ml 120ml plastik asip sensor panas breastmilk storage brg,kantong asi gea baby thermal sensor 120 ml 120ml plastik asip sensor panas breastmilk storage brg
1237550763,train_1647381843,TAS SELEMPANG WISTBAG  - Pria Wanita,tas selempang wistbag pria wanita
731330024,train_1607763504,MIAO Tissue Tempered Glass Tisu Tempered glass Anti Gores Kaca,miao tissue tempered glass tisu tempered glass anti gores kaca
1163569239,train_4070413770,(COD) Brightly Ever After Serum Scarlett Whitening,cod brightly ever after serum scarlett whitening
994676122,train_2074205316,OVERFLOWS.ID \xe2\x9c\xbf 100Pcs Ikat Rambut Korea Karet Polos Elastis Gaya Korea Untuk Wanita,overflows id xe2 x9c xbf 100pcs ikat rambut korea karet polos elastis gaya korea untuk wanita
1163569239,train_2901880479,SERUM SCARLETT ACNE SERUM DAN BRIGHTLY EVER AFTER SERUM,serum scarlett acne serum dan brightly ever after serum
1746655739,train_163760782,Acnol Lotion Obat jerawat cair 10ml ASLI 100%  by AILIN,acnol lotion obat jerawat cair 10ml asli 100 by ailin
4184214313,train_2298905720,Hijab Instan Jersey Safety Mask Zaina Niqab Anti Corona Non Pad By Kalisha,hijab instan jersey safety mask zaina niqab anti corona non pad by kalisha
4184214313,train_3003249466,JILBAB MADINA CADAR INSTAN TERBARU,jilbab madina cadar instan terbaru
3113678103,train_548782513,Filter kran spiral / sambungan kran,filter kran spiral sambungan kran
562358068,train_3307385969,Viva air mawar/netto 100 ml. Exp 2023,viva air mawar/netto 100 ml exp 2023
731330024,train_3978968621,pembersih layar HP / Tisu tempered glass,pembersih layar hp tisu tempered glass
3113678103,train_2548010081,DapurCantik Sambungan Kran Air 360 Derajat Sambungan Keran Air Fleksibel Penghemat Air  - PKA,dapurcantik sambungan kran air 360 derajat sambungan keran air fleksibel penghemat air pka
562358068,train_378911549,Viva Air Mawar Toner,viva air mawar toner
66247839,train_1313853216,Sarung Tangan Touch Screen I-glove,sarung tangan touch screen i-glove
66247839,train_3978600303,IGLOVE SARUNG TANGAN TOUCH SCREEN GOJEK,iglove sarung tangan touch screen gojek
731330024,train_2360118667,TISSUE TEMPERED GLASS - PEMBERSIH LAYAR ( isi 50 PCS ),tissue tempered glass pembersih layar isi 50 pcs
159351600,train_3671554064,[Beli 1 Free Maskom] BabyBos Gluta Collagen Soap - Grosir & Ecer,beli 1 free maskom babybos gluta collagen soap grosir ecer
1746655739,train_3587513406,Acnol Lotion 10 Ml (Obat Jerawat Cair),acnol lotion 10 ml obat jerawat cair
1746655739,train_1621436703,Acnol Lotion For Acne,acnol lotion for acne
1746655739,train_4094665188,Acnol Lotion Jerawat 10 ML Original,acnol lotion jerawat 10 ml original
1746655739,train_3398839446,Acnol Lotion Obat Jerawat 10 mL,acnol lotion obat jerawat 10 ml
3113678103,train_463544835,SAMBUNGAN KERAN AIR SARINGAN KRAN ION FLEXSIBLE PENYARING KERAN FAUCET FILTER HY036,sambungan keran air saringan kran ion flexsible penyaring keran faucet filter hy036
159351600,train_2683750575,[FREE JARING] Ready stock Gluta Collagen Soap Beautetox Skinsuperstar ORIGINAL (miniboss resmi),free jaring ready stock gluta collagen soap beautetox skinsuperstar original miniboss resmi
994676122,train_1302902041,KARET IKAT RAMBUT TP / KARET RAMBUT / KARET JEPIT RAMBUT KOREA TIPIS,karet ikat rambut tp karet rambut karet jepit rambut korea tipis
66247839,train_539770983,iGlove Sarung Tangan Motor Touch Screen Smartphone iPhone Gojek Grab,iglove sarung tangan motor touch screen smartphone iphone gojek grab
1237550763,train_774767018,PULSHOP WAISTBAG AS HAUL Keren Pulshop,pulshop waistbag as haul keren pulshop
2259957740,train_1917381233,Kaikki Selfie Ring Light Selfie Stick LED Lampu Selfie BulatFCC CE Certificat Untuk Kamera HP,kaikki selfie ring light selfie stick led lampu selfie bulatfcc ce certificat untuk kamera hp
3001123709,train_17515376,BREYLEE Blackhead Mask Step1/2 (100% ORI),breylee blackhead mask step1/2 100 ori
562358068,train_422235145,Viva Air Mawar,viva air mawar
3206118280,train_3301764409,[SOMEBYMI] YUJA NIACIN 30 DAYS BRIGHTENING KIT,somebymi yuja niacin 30 days brightening kit
159351600,train_1142799664,GLUTA COLLAGEN SOAP BEAUTETOX,gluta collagen soap beautetox
871679006,train_2808781582,\xe2\x98\x80 INDOLAND \xe2\x98\x80 R084 Pot Tanaman Hias Dekorasi Bunga Bonsai Palsu Untuk Dekorasi Rumah / Kantor / Hotel,xe2 x98 x80 indoland xe2 x98 x80 r084 pot tanaman hias dekorasi bunga bonsai palsu untuk dekorasi rumah kantor hotel
3926100920,train_999361643,Kantong Asi GEA baby 120ml,kantong asi gea baby 120ml
3206118280,train_3049963992,SOMEBYMI Yuja Niacin 30 Days Brightening Starter Kit (4ea),somebymi yuja niacin 30 days brightening starter kit 4ea
3206118280,train_3319478255,Some by mi / Somebymi Yuja Niacin 30 Days Miracle Starter Kit (4 items),some by mi somebymi yuja niacin 30 days miracle starter kit 4 items
3001123709,train_1017740782,Breylee Peel Off Mask nose mask serum blackhead remove Step 1 & Acne Pore Serum Step 2,breylee peel off mask nose mask serum blackhead remove step 1 acne pore serum step 2
871679006,train_1131963189,"Tanaman Pohon Goni Lavender Hias Dekorasi Bunga Bonsai Untuk Dekorasi Rumah, Kantor, Hotel, PPN",tanaman pohon goni lavender hias dekorasi bunga bonsai untuk dekorasi rumah kantor hotel ppn
1237550763,train_482775296,TAS SELEMPANG PRIA  TEBAL PROFESSIONAL,tas selempang pria tebal professional
1237550763,train_826470294,[Terkeren Se-RI] WAISTBAG Staye PROfessional Tas Pinggang,terkeren se-ri waistbag staye professional tas pinggang
731330024,train_2659050939,TISSUE TEMPERED GLASS 1SET TISU BASAH DAN KERING,tissue tempered glass 1set tisu basah dan kering
1091404026,train_3182818206,FYGALERYJAKARTA - Kaos Kaki D060 Kaos Kaki Polos Bahan Spandek Kaos Kaki Import Murah,fygaleryjakarta kaos kaki d060 kaos kaki polos bahan spandek kaos kaki import murah
731330024,train_1713159801,TISSU TEMPERED GLASS / PEMBERSIH LAYAR DARI DEBU,tissu tempered glass pembersih layar dari debu
159351600,train_2513892071,[READY]GLUTA COLLAGEN SOAP THE3ANGLE BEAUTETOX SKINSUPERSTAR,ready gluta collagen soap the3angle beautetox skinsuperstar
1237550763,train_2166949404,WAISTBAG AS - Tas Selempang Pria,waistbag as tas selempang pria
1091404026,train_343332249,KAOS KAKI PENDEK MINI SOCKS WARNA WARNI,kaos kaki pendek mini socks warna warni
1091404026,train_3716840940,HC KAOS KAKI WANITA MOTIF 3 WARNA IMPOR SEMATA KAKI#Bisa bayar ditempat (COD),hc kaos kaki wanita motif 3 warna impor semata kaki bisa bayar ditempat cod
3206118280,train_1841296950,Somebymi Yuja Niacin 30 Days Brightening Starter Kit (4 Items),somebymi yuja niacin 30 days brightening starter kit 4 items
3926100920,train_2551549610,Kantong Plastik ASI | Plastik Air Susu Anti Bocor GEA Baby | Breast Milk Storage Bag BPA Free,kantong plastik asi plastik air susu anti bocor gea baby breast milk storage bag bpa free
731330024,train_2697736556,Tissu tempered glass / Tisu lap kain kertas pembersih layar anti gores hp Basah dan Kering,tissu tempered glass tisu lap kain kertas pembersih layar anti gores hp basah dan kering
1237550763,train_1985873476,Tas Pinggang Casual Bahan Nilon Anti Air,tas pinggang casual bahan nilon anti air
3113678103,train_2870807441,Saringan Kran Air Filter Kipas Kincir Putar Saringan Air Kran Kamar Mandi,saringan kran air filter kipas kincir putar saringan air kran kamar mandi
1141798720,train_2230152472,Maycreate Isolation Protection Body Spray 150ml / Maycreate Moisturizing Spray,maycreate isolation protection body spray 150ml maycreate moisturizing spray
1163569239,train_897619948,Scarlett Whitening Brightly Ever After Serum Wajah Scarlett Whitening,scarlett whitening brightly ever after serum wajah scarlett whitening
66247839,train_3595779321,SARUNG TANGAN I GLOVE CAPACITIVE SMARTPHONE TOUCHSCREEN,sarung tangan i glove capacitive smartphone touchscreen
66247839,train_3262765635,SARUNG TANGAN IGLOVE TOUCHSCREEN PADA SMARTPHONE,sarung tangan iglove touchscreen pada smartphone
159351600,train_3980820034,READY STOCK\xe2\x9d\x97Gluta Collagen Soap Beautetox FREE JARING\xe2\x9d\xa4,ready stock xe2 x9d x97gluta collagen soap beautetox free jaring xe2 x9d xa4
4184214313,train_1314539340,KERUDUNG INSTAN SYARI CADAR MASKER HIJAB JERSEY NIQAB NON PAD MURAH ANTI CORONA KHIMAR BANDUNG,kerudung instan syari cadar masker hijab jersey niqab non pad murah anti corona khimar bandung
1141798720,train_3945800827,MAYCREATE ISOLATION PROTECTION SPRAY,maycreate isolation protection spray
4184214313,train_985085866,Hijab Instan Cadar Niqab Anti Corona / Khimar Masker Cadar / Khimar Syari Jersey Cadar /Khimar Niqab,hijab instan cadar niqab anti corona khimar masker cadar khimar syari jersey cadar /khimar niqab
1141798720,train_2789820394,IMAGES SPRAY PUTIH UV Sunscreen Moisturizing Pemutih Kulit 150 ML ORIGINAL 100% serum goldzan 24k,images spray putih uv sunscreen moisturizing pemutih kulit 150 ml original 100 serum goldzan 24k
994676122,train_1785829508,100 Pcs Ikat Rambut Karet Polos Elastis Gaya Korea untuk review Wanita,100 pcs ikat rambut karet polos elastis gaya korea untuk review wanita
1163569239,train_1935153677,Scarlett Whitening Serum 15ml,scarlett whitening serum 15ml
452508504,train_3343934633,Car Holder HP Bunga Flexible Universal Gekko VIP Stand Holder HP Flower,car holder hp bunga flexible universal gekko vip stand holder hp flower
4184214313,train_2342803549,JILBAB INSTAN AURELLE TUTON/HIJAB SAFETY MASK/ HIJAB INSTAN,jilbab instan aurelle tuton/hijab safety mask/ hijab instan
1163569239,train_4211797822,Serum scarlet,serum scarlet
1091404026,train_1606675663,Kaos kaki spandex,kaos kaki spandex
1091404026,train_2288694427,Kaos kaki polos semata kaki import,kaos kaki polos semata kaki import
562358068,train_2980795248,VIVA AIR MAWAR,viva air mawar
4184214313,train_150164271,Hijab instan Niqab/niqob jersey/Hijab masker instan jersey ukuran STANDAR,hijab instan niqab/niqob jersey/hijab masker instan jersey ukuran standar
1091404026,train_2432860747,FUNSTORE KAOS KAKI POLOS WARNA WARNI REMAJA / KAOS KAKI PENDEK MATA KAKI / KAOS KAKI WANITA,funstore kaos kaki polos warna warni remaja kaos kaki pendek mata kaki kaos kaki wanita
1163569239,train_1369435429,SCARLETT WHITENNING SERUM BPOM / SERUM ACNE /  BRIGHTLY EVER AFTER/ SERUM SCARLETT,scarlett whitenning serum bpom serum acne brightly ever after/ serum scarlett
1237550763,train_3647458940,Tas pria waistbag anti air keren model terbaru,tas pria waistbag anti air keren model terbaru
2259957740,train_582890927,Ring Light/Led Lampu Selfie,ring light/led lampu selfie
1237550763,train_2529143591,GUMI STORE WAIST BAG AS - TAS SELEMPANG PRIA WANITA,gumi store waist bag as tas selempang pria wanita
3001123709,train_2831071799,Serum Pengecil Pori-pori untuk Mengencangkan Kulit,serum pengecil pori-pori untuk mengencangkan kulit
4184214313,train_1441046811,KHIMAR CADAR 2 in 1,khimar cadar 2 in 1
66247839,train_972685049,Iglove Sarung Tangan Igloves Touch Screen Hp Handphone Smartphone Tablet Touchscreen Android Iphone,iglove sarung tangan igloves touch screen hp handphone smartphone tablet touchscreen android iphone
1091404026,train_517093919,{Lav - K272} Kaos Kaki Ankle Cute / Kaos Kaki Semata Kaki / Socks / Short Socks/ Sepatu,lav k272 kaos kaki ankle cute kaos kaki semata kaki socks short socks/ sepatu
3113678103,train_1062046612,OSM - H722 Sambungan Saringan Penghemat Air Fleksibel / Berputar 360 Derajat / Water Filter,osm h722 sambungan saringan penghemat air fleksibel berputar 360 derajat water filter
4184214313,train_2305472172,Hijab Instan Syiria Niqab Jilbab Anti Corona Matt Jersey,hijab instan syiria niqab jilbab anti corona matt jersey
1163569239,train_613832447,Scarlett Whitening Brightly Ever After Serum-Scarlett Acne Serum 15ml,scarlett whitening brightly ever after serum-scarlett acne serum 15ml
952183003,train_2051613389,Pisau Buah / pisau dapur / pisau apel / pisau stainless,pisau buah pisau dapur pisau apel pisau stainless
952183003,train_3585706986,Pisau Buah/Pisau Apel Bahan Stainless,pisau buah/pisau apel bahan stainless
3926100920,train_3873230497,GEA BABY Breastmilk Storage Bags Kantong Asi 120 ml 200 ml 250 ml isi 30 pcs,gea baby breastmilk storage bags kantong asi 120 ml 200 ml 250 ml isi 30 pcs
1237550763,train_1507376457,Tas selempang,tas selempang
871679006,train_536457643,\xe2\x9d\xa4\xef\xb8\x8fGTB\xe2\x9d\xa4\xef\xb8\x8f Ornamen Tanaman Hias Dekorasi Bunga Bonsai Palsu Dekorasi Rumah / Kantor  / Hotel,xe2 x9d xa4 xef xb8 x8fgtb xe2 x9d xa4 xef xb8 x8f ornamen tanaman hias dekorasi bunga bonsai palsu dekorasi rumah kantor hotel
1163569239,train_2624032383,SCARLETT ACNE SERUM & BRIGHTLY EVER AFTER SERUM,scarlett acne serum brightly ever after serum
994676122,train_1714224702,100Pcs Karet Ikat Rambut Korea Elastis untuk Anak Perempuan,100pcs karet ikat rambut korea elastis untuk anak perempuan
1163569239,train_2280558444,Scarlett Whitening Acne Serum & Brightly Serum Original,scarlett whitening acne serum brightly serum original
452508504,train_4170720607,Magic Suction Cup Mobile Phone Bracket Holder Gurita Holder Cumi,magic suction cup mobile phone bracket holder gurita holder cumi
2259957740,train_4101881555,Lampu Selfie Ring Light / Ring Selfie light,lampu selfie ring light ring selfie light
3926100920,train_2992201629,GEA BABY Kantong ASI | Breastmilk Storage Bag | Powder Milk Bag [30 Pcs],gea baby kantong asi breastmilk storage bag powder milk bag 30 pcs
3489985175,train_256288205,PROMO!! SABUN TZUKI/TZUKI SOAP/SABUN PEMUTIH BADAN DAN WAJAH,promo sabun tzuki/tzuki soap/sabun pemutih badan dan wajah
2259957740,train_4076475123,Foto Selfie?? Lighting Lampu Flash Penambah Cahaya saat Berfoto / Video - Bentuk Ring (USB Charge),foto selfie lighting lampu flash penambah cahaya saat berfoto video bentuk ring usb charge
562358068,train_2419943180,VIVA - AIR MAWAR 100ml \xe2\x9d\xa4 Ewa \xe2\x9d\xa4,viva air mawar 100ml xe2 x9d xa4 ewa xe2 x9d xa4
994676122,train_2919386341,Karet Rambut Wanita Model Korea\xe2\x9d\xa4Yimi\xe2\x9d\xa4,karet rambut wanita model korea xe2 x9d xa4yimi xe2 x9d xa4
562358068,train_493684647,Air Mawar Viva,air mawar viva
562358068,train_2343771203,Viva Air Mawar 100ml/Penyegar Viva,viva air mawar 100ml/penyegar viva
1163569239,train_1182906906,SCARLETT SERUM BRIGHTLY EVER AFTER SERUM / SCARLETT ACNE SERUM/SERUM SCARLETT/SERUM JERAWATSCARLETT,scarlett serum brightly ever after serum scarlett acne serum/serum scarlett/serum jerawatscarlett
3001123709,train_4291604734,\xf0\x9f\x87\xae\xf0\x9f\x87\xa9 [READY] BREYLEE Bye Bye Blackhead Remover Mask Pengangkat Komedo,xf0 x9f x87 xae xf0 x9f x87 xa9 ready breylee bye bye blackhead remover mask pengangkat komedo
159351600,train_3055192895,100% original Gluta collagen soap by beautetox [ready siap kirim],100 original gluta collagen soap by beautetox ready siap kirim
2259957740,train_2177683161,"Selfie Ring Light, Lampu Selfie LED Cahaya Lampu untuk handphone",selfie ring light lampu selfie led cahaya lampu untuk handphone
3926100920,train_2017173356,GEA BABY KANTONG ASI 120ml THERMAL SENSOR  / GEABABY BREAST MILK BAG 120ML THERMAL SENSOR,gea baby kantong asi 120ml thermal sensor geababy breast milk bag 120ml thermal sensor
3489985175,train_1065224027,Tzuki Soap,tzuki soap
3489985175,train_1085240851,[ COD ] SABUN TZUKI ORIGINAL 100% PEMUTIH WAJAH DAN PENGHILANG JERAWAT,cod sabun tzuki original 100 pemutih wajah dan penghilang jerawat
452508504,train_265435996,pop socket / gurita Car Holder Flower Flexible Universal Gekko VIP Stand Holder HP Bunga gROSIR BA,pop socket gurita car holder flower flexible universal gekko vip stand holder hp bunga grosir ba
562358068,train_4071624010,Viva Air Mawar - 100ml,viva air mawar 100ml
731330024,train_3772635453,PAKET 10 PCS Tissue Tisu basah kering Tempered glass,paket 10 pcs tissue tisu basah kering tempered glass
871679006,train_3332128755,GGS POT TANAMAN BUNGA POHON DEKORASI RUMAH HIASAN KANTOR PAJANGAN RUMAH POT TANAMAN IMPORT,ggs pot tanaman bunga pohon dekorasi rumah hiasan kantor pajangan rumah pot tanaman import
1091404026,train_3939843351,\xe2\x9c\xa7YUKSHOPING\xe2\x9c\xa7 R108 Kaos Kaki D060 Kaos Kaki Polos Bahan Spandek Kaos Kaki Import Murah,xe2 x9c xa7yukshoping xe2 x9c xa7 r108 kaos kaki d060 kaos kaki polos bahan spandek kaos kaki import murah
3113678103,train_2102271992,( RIC ) Sambungan / Saringan Kran Air A1 Packing Plastik,ric sambungan saringan kran air a1 packing plastik
1163569239,train_1191962025,[GARANSI ORIGINAL 100% BPOM] SCARLET WHITHENING SERUM ACNE | BRIGHTLY EVER| SCARLETT WHITENING,garansi original 100 bpom scarlet whithening serum acne brightly ever scarlett whitening
731330024,train_2897218302,(NEW)TISSUE TISU TEMPERED GLASS WET AND DRY PEMBERSIH LAYAR HP,new tissue tisu tempered glass wet and dry pembersih layar hp
3206118280,train_2598644234,SOMEBYMI YUJA NIACIN 30 DAYS BRIGHTENING STARTER KIT,somebymi yuja niacin 30 days brightening starter kit
4184214313,train_3663294865,(1kg muat 5pcs) MADINA CADAR HIJAB JADI SATU PET ANTEM HIJAB JILBAB KHIMAR KERUDUNG BERGO INSTANT,1kg muat 5pcs madina cadar hijab jadi satu pet antem hijab jilbab khimar kerudung bergo instant
871679006,train_4285813008,FYGALERYJAKARTA - Pot Tanaman Bunga Dekorasi Rumah Tanaman Hias Plastik Murah Import,fygaleryjakarta pot tanaman bunga dekorasi rumah tanaman hias plastik murah import
3001123709,train_1673818464,Breylee Blackhead Remove Mask Skin Care Peel Off  Step 1 & Pore Serum Step 2,breylee blackhead remove mask skin care peel off step 1 pore serum step 2
1141798720,train_4003658555,MYCREATE MOISTURIZING SPRAY WHITENING,mycreate moisturizing spray whitening
731330024,train_3739935491,Tisu Tissue Lap Alkohol Pembersih LCD Tempered Glass,tisu tissue lap alkohol pembersih lcd tempered glass
871679006,train_2591508759,LDG POT6 TANAMAN BUNGA HIAS BUNGA DEKORASI RUANGAN BUNGA PLASTIK HIAS,ldg pot6 tanaman bunga hias bunga dekorasi ruangan bunga plastik hias
1163569239,train_3700503493,Scarlett Whitening Brightly Ever After Serum | Scarlet Whitening Acne Serum,scarlett whitening brightly ever after serum scarlet whitening acne serum
1091404026,train_4107765584,Kaos Kaki Polos Semata Kaki / Kaos Kaki Angkle,kaos kaki polos semata kaki kaos kaki angkle
1746655739,train_232453704,Acnol Lotion Obat Jerawat 10 mL,acnol lotion obat jerawat 10 ml
2259957740,train_3793240086,Selfie Ring Light Lampu Selfie LED Cahay Lampu Vlog,selfie ring light lampu selfie led cahay lampu vlog
3489985175,train_282556326,PAKET PROMO PESAN 2 GRATIS 1,paket promo pesan 2 gratis 1
1746655739,train_3748944324,ACNOL LOTION 10 ML,acnol lotion 10 ml
1237550763,train_1307218788,Waistbag AS Termurah / Fashion Pria Wanita Termurah,waistbag as termurah fashion pria wanita termurah
1141798720,train_240158006,Maycreate Spray Pemutih Kulit - Mycreate whitening BodySpray original 150ml,maycreate spray pemutih kulit mycreate whitening bodyspray original 150ml
66247839,train_2919344198,Sarung Tangan Motor HP Android iGlove Touch Screen Smartphones Iphone,sarung tangan motor hp android iglove touch screen smartphones iphone
2259957740,train_3000304022,RING SELFIE LIGHT LED RECHARGABLE / LAMPU SELFIE ( BISA DICAS ),ring selfie light led rechargable lampu selfie bisa dicas
3489985175,train_2571336423,Tzuki Sabun Pemutih penghilang Flek hitam dan Anti Aging,tzuki sabun pemutih penghilang flek hitam dan anti aging
452508504,train_1009620393,Magic Suction Cup Mobile Phone Bracket Holder Gurita Holder Cumi,magic suction cup mobile phone bracket holder gurita holder cumi
1163569239,train_3207964616,SCARLETT Whitening Acne / Brightly Ever After Serum 15ml,scarlett whitening acne brightly ever after serum 15ml
452508504,train_3240835248,Holder Flower / Holder Bunga Stand Phone Holder 360 Degree Stick RIng,holder flower holder bunga stand phone holder 360 degree stick ring
994676122,train_3897008118,100Pcs Korea Ikat Rambut Warna Polos Colorful Gelang Karet Wanita Ikat Kuncir Rambut Wanita Hijab,100pcs korea ikat rambut warna polos colorful gelang karet wanita ikat kuncir rambut wanita hijab
1141798720,train_2497676427,MAYCREATE Moisturizing Spray 150ml / Maycreate Isolation Protection Body Spray PAKET,maycreate moisturizing spray 150ml maycreate isolation protection body spray paket
1141798720,train_1943472851,MAYCREATE LOTION WHITENING MOISTURIZING SPRAY,maycreate lotion whitening moisturizing spray
3489985175,train_510780042,BELI 2 DAPAT 3 Sabun Tzuki Body Soap Original 100% Asli | Tzuky Sabun Pemutih Badan Aman | tsuki,beli 2 dapat 3 sabun tzuki body soap original 100 asli tzuky sabun pemutih badan aman tsuki
871679006,train_1276207556,Satu7an PBP05 - 7 - POT TANAMAN BUNGA PLASTIK DEKORASI RUMAH TANAMAN HIAS TERLARIS GROSIR IMPORT COD,satu7an pbp05 7 pot tanaman bunga plastik dekorasi rumah tanaman hias terlaris grosir import cod
952183003,train_3336909646,Pisau Buah Motif Sarung Apel Pisau Buah Kue Motif Sarung Apel,pisau buah motif sarung apel pisau buah kue motif sarung apel
1163569239,train_2529405184,Scarlett brightly serum dan acne serum,scarlett brightly serum dan acne serum
1746655739,train_2954306675,Acnol Lotion 10ml Obat Jerawat,acnol lotion 10ml obat jerawat
1746655739,train_3407194355,Acnol Lotion & Gel For Acne - Obat Jerawat,acnol lotion gel for acne obat jerawat
4184214313,train_195083104,Hijab Instan Syria Niqob Anti corona,hijab instan syria niqob anti corona
3001123709,train_914148560,BREYLEE Blackhead Remove Nose Mask Serum Blackhead Remover+100pcs Paper,breylee blackhead remove nose mask serum blackhead remover+100pcs paper
731330024,train_3740184963,(5GR)Tissue Basah Kering nonAlkohol Pembersih Layar Handphone Tisu Tempered Temper Glass Wipes,5gr tissue basah kering nonalkohol pembersih layar handphone tisu tempered temper glass wipes
3206118280,train_3227085748,SOMEBYMI SOME BY MI YUJA NIACIN 30 DAYS BRIGHTENING STARTER KIT,somebymi some by mi yuja niacin 30 days brightening starter kit
1163569239,train_4139159388,[100% ORIGINAL] SCARLETT SERUM BPOM // BRIGHTLY EVER AFTER ACNE ESSENCE PEMUTIH JERAWAT MURAH VIT C,100 original scarlett serum bpom brightly ever after acne essence pemutih jerawat murah vit c
1141798720,train_711042017,(READY-bisa COD)MAYCREATE WHITENING SUNSCREEN SPRAY PEMUTIH INSTAN WHITENING LOTION 150ml,ready-bisa cod maycreate whitening sunscreen spray pemutih instan whitening lotion 150ml
1237550763,train_3244152300,PROMO !!! TAS SLINGBAG HAOSHUAI ORIGINAL /TAS SLEMPANG NYLON PRIA KEREN,promo tas slingbag haoshuai original /tas slempang nylon pria keren
1237550763,train_2408563652,HOT Tas Selempang Pria Waterproof Anti Air Waist Bag 106,hot tas selempang pria waterproof anti air waist bag 106
3113678103,train_1905898995,[100gr] E63 Sambungan Kran FLEXIBLE irit air Keran Splash Shower,100gr e63 sambungan kran flexible irit air keran splash shower
1141798720,train_2146279151,"b""m'aycreate instant whitening spray / INSTANT SPRAY MYCREATE /MAYCREAT / MAYCREATE""",b m aycreate instant whitening spray instant spray mycreate /maycreat maycreate
1237550763,train_1543316237,HOT Tas Selempang UNISEX Waterproof Anti Air Waist Bag,hot tas selempang unisex waterproof anti air waist bag
871679006,train_2982842615,\xe2\x9d\xa4\xef\xb8\x8fCOCOLAND\xe2\x9d\xa4\xef\xb8\x8f 084 Pot Tanaman Hias Dekorasi Bunga Bonsai Palsu Untuk Dekorasi Rumah / Kantor / Hotel,xe2 x9d xa4 xef xb8 x8fcocoland xe2 x9d xa4 xef xb8 x8f 084 pot tanaman hias dekorasi bunga bonsai palsu untuk dekorasi rumah kantor hotel
1141798720,train_2813067780,MAYCREATE MOISTURIZING SPRAY 150ML / jasons,maycreate moisturizing spray 150ml jasons
2259957740,train_756126675,Selfie LED / Lampu Selfie Bulat Untuk Kamera HP /Selfie Ring Light Rechargeable/Micro USB,selfie led lampu selfie bulat untuk kamera hp /selfie ring light rechargeable/micro usb
4184214313,train_784214654,HIJAB MADINA ANTI CORONA BERGO NON PET JUMBO MASKER INSTAN JERSEY PREMIUM,hijab madina anti corona bergo non pet jumbo masker instan jersey premium
3206118280,train_3697227665,SOMEBYMI YUJA NIACIN Brightening Starter Kit,somebymi yuja niacin brightening starter kit
66247839,train_3258335386,iGLOVE TOUCH SCREEN / I GLOVE SARUNG TANGAN MOTOR GOJEK GRAB TOUCH SCREEN Cap,iglove touch screen i glove sarung tangan motor gojek grab touch screen cap
2259957740,train_2005895397,Ring Light Selfie LED / Lampu Selfie Bulat Untuk Kamera Camera HP Flash Charm Eyes,ring light selfie led lampu selfie bulat untuk kamera camera hp flash charm eyes
3926100920,train_4056781494,Kantong Asi dengan Sensor Panas GEA Baby 120ml 200ml 250ml,kantong asi dengan sensor panas gea baby 120ml 200ml 250ml
3113678103,train_2880913122,Grandsuka Sambungan kran air / aeraton kran / penyaring air kran/ sambung kran cuci piring wastafel,grandsuka sambungan kran air aeraton kran penyaring air kran/ sambung kran cuci piring wastafel
1091404026,train_2357168229,Kaos Kaki Motif Polos Imut,kaos kaki motif polos imut
1091404026,train_1319025859,Kaos kaki Motif PoLos,kaos kaki motif polos
994676122,train_64918479,100 Pcs Ikat Rambut Karet Polos Elastis Gaya Korea untuk Wanita,100 pcs ikat rambut karet polos elastis gaya korea untuk wanita
3113678103,train_2494367387,VIPBAZAAR Sambungan Kran FLEXIBLE Filter Air Anti Splash Shower Saringan Kran Air Keran,vipbazaar sambungan kran flexible filter air anti splash shower saringan kran air keran
2259957740,train_1851811895,SELFIE LED / LAMPU SELFIE BULAT UNTUK KAMERA HP / SELFIE RING LIGHT RECHARGEABLE/ MICRO USB,selfie led lampu selfie bulat untuk kamera hp selfie ring light rechargeable/ micro usb
1163569239,train_799917659,SCARLETT WHITENING BRIGHTLY EVER AFTER SERUM - SERUM PENCERAH SCARLETT,scarlett whitening brightly ever after serum serum pencerah scarlett
3206118280,train_317153625,[PROMO]SOMEBYMI YUJA NIACIN 30 DAYS BRIGHTENING STARTER KIT,promo somebymi yuja niacin 30 days brightening starter kit
2259957740,train_2659470237,Lampu Selfie Ring Light LED / ringlight premium bulat kamera camera hp Flash charm eyes cincin BA,lampu selfie ring light led ringlight premium bulat kamera camera hp flash charm eyes cincin ba
2259957740,train_3525504278,RING LIGHT SELFIE LAMPU LED LAMP SELFI RINGLIGHT,ring light selfie lampu led lamp selfi ringlight
1091404026,train_1327840112,OSM JKT K272 Kaos Kaki Ankle Cute / Kaos Kaki Semata Kaki / Socks / Short Socks,osm jkt k272 kaos kaki ankle cute kaos kaki semata kaki socks short socks
871679006,train_809188925,Pot Tanaman Hias Dekorasi Bunga Bonsai Palsu/Ornamen Tanaman Bonsai F,pot tanaman hias dekorasi bunga bonsai palsu/ornamen tanaman bonsai f
3113678103,train_3903258334,Saringan /Sambungan Keran Air Putar 360 Derajat,saringan /sambungan keran air putar 360 derajat
159351600,train_1495753847,READY SIAP KIRIM\xe2\x80\xbc\xef\xb8\x8f Gluta collagen soap Beautetox white magic soap the3angle,ready siap kirim xe2 x80 xbc xef xb8 x8f gluta collagen soap beautetox white magic soap the3angle
2259957740,train_3845864116,Lampu Selfie Ring Flash Clip Camera,lampu selfie ring flash clip camera
871679006,train_1785191702,DODORY - Pot Tanaman Bunga Dekorasi Rumah Tanaman Hias Import Tanaman Hias Murah Import,dodory pot tanaman bunga dekorasi rumah tanaman hias import tanaman hias murah import
3001123709,train_2266598926,Breylee Blackhead Mask (STEP 1) / Pore Serum (STEP 2),breylee blackhead mask step 1 pore serum step 2
562358068,train_2032306771,viva air mawar murah,viva air mawar murah
1091404026,train_4189113094,(BISA BAYAR DITEMPAT COD) Kaos Kaki Motif Polos Korea Ankle Cute Semata  Socks Pendek Fashion anak,bisa bayar ditempat cod kaos kaki motif polos korea ankle cute semata socks pendek fashion anak
2259957740,train_2691673011,Lampu Selfie Ring Light LED /  Charm Eyes / Lampu Selfie,lampu selfie ring light led charm eyes lampu selfie
871679006,train_3984736875,\xe2\x9d\x84 TMALL \xe2\x9d\x84 Pot Tanaman Hias Dekorasi Bunga Bonsai Plastik Untuk Dekorasi Rumah / Kantor / Hotel / COD,xe2 x9d x84 tmall xe2 x9d x84 pot tanaman hias dekorasi bunga bonsai plastik untuk dekorasi rumah kantor hotel cod
731330024,train_2610094005,Tissu tempered glass / Tisu pembersih layar hp Basah dan Kering,tissu tempered glass tisu pembersih layar hp basah dan kering
159351600,train_2266041454,[READY STOCK] GLUTA COLLAGEN SOAP BEAUTETOX,ready stock gluta collagen soap beautetox
3206118280,train_3463141964,Somebymi Yuja Niacin 30 Days Brightening Starter Kit (4 Items),somebymi yuja niacin 30 days brightening starter kit 4 items
452508504,train_2713588832,Holder bunga Fleksibel Magic suction cup mobile phone bracket,holder bunga fleksibel magic suction cup mobile phone bracket
3206118280,train_1635977827,Some By Mi Yuja Niacin 30 Days Brightening Starter Kit 100% Original Some By Me Yuja Niacin SomeByMi,some by mi yuja niacin 30 days brightening starter kit 100 original some by me yuja niacin somebymi
3113678103,train_3441737294,Sambungan Kran Air Fleksible / Anti Water Splash / kran air,sambungan kran air fleksible anti water splash kran air
1746655739,train_2747781252,Acnol Lotion 10 ml,acnol lotion 10 ml
1141798720,train_846192553,MYCREATE MOISTURIZING SPRAY,mycreate moisturizing spray
952183003,train_1655838577,[ 1 Kg 24 Pcs ] Pisau Apel Stainless / Pisau Apel,1 kg 24 pcs pisau apel stainless pisau apel
159351600,train_2036340727,[Pusat] [Baca Caption] Sabun Whitening Gluta Collagen Beautetox Chocowhite Whitemilky Soap Pemutih,pusat baca caption sabun whitening gluta collagen beautetox chocowhite whitemilky soap pemutih
3001123709,train_2212628321,BREYLEE blackhead mask,breylee blackhead mask
4184214313,train_2696004910,JILBAB SAFETY MASK NIQAB ANTI CORONA / JILBAB INSTAN / JILBAB SYRIA / JILBAB JERSY,jilbab safety mask niqab anti corona jilbab instan jilbab syria jilbab jersy
1091404026,train_702603526,IMPORT Kaos Kaki Ankle Dari Jakarta BISA COD Kaos Kaki Cute Kaus Kaki Motif / Warna Polos BG,import kaos kaki ankle dari jakarta bisa cod kaos kaki cute kaus kaki motif warna polos bg
994676122,train_843663648,100 Pcs Karet Rambut Elastis Polos Gaya Korea,100 pcs karet rambut elastis polos gaya korea
1163569239,train_1630060072,[READY] SCARLETT SERUM WHITENING BRIGHTLY EVER AFTER & ACNE PAKET ORIGINAL By Felicya Angelista,ready scarlett serum whitening brightly ever after acne paket original by felicya angelista
952183003,train_1105403759,Pisau Apel Warna Random,pisau apel warna random
994676122,train_477561587,1pcs IKAT KUNCIR BOLA KILAP KRISTAL KOTAK || IKATAN RAMBUT BOLA KRISTAL KOTAK,1pcs ikat kuncir bola kilap kristal kotak ikatan rambut bola kristal kotak
1237550763,train_236582396,HOT!! TRM Waistbag Pria Waterproof Pria 3 pocket Multifungsi Y23K,hot trm waistbag pria waterproof pria 3 pocket multifungsi y23k
994676122,train_1643485252,100 Pcs Ikat Rambut Karet Polos Elastis Gaya Korea untuk Wanita,100 pcs ikat rambut karet polos elastis gaya korea untuk wanita
1237550763,train_1357710802,Waistbag Buffback Pros Mikro Waterproof,waistbag buffback pros mikro waterproof
1746655739,train_444954084,Acnol Lotion Obat jerawat cair 10ml,acnol lotion obat jerawat cair 10ml
3926100920,train_547712747,1 BOX GEA Baby Kantong Asi / Milk Bag Safari Edition 120ml,1 box gea baby kantong asi milk bag safari edition 120ml
3489985175,train_3246752683,Sabun Tzuki Ori dijamin asli,sabun tzuki ori dijamin asli
3489985175,train_2632518897,"SABUN PEMUTIH TZUKI ORIGINAL PENGHILANG JERAWAT, ANTI AGING DAN FLEK HITAM",sabun pemutih tzuki original penghilang jerawat anti aging dan flek hitam
159351600,train_2338443281,(READYSTOCK)GLUTA COLLAGEN SOAP,readystock gluta collagen soap
159351600,train_467196729,[READY] [BISA COD] [FREE GIVE] GLUTA COLLAGEN SOAP BEAUTETOX,ready bisa cod free give gluta collagen soap beautetox
562358068,train_4153223724,ORIGINAL Viva Penyegar Air Mawar Toner 100 ML,original viva penyegar air mawar toner 100 ml
562358068,train_221812587,VIVA Milk Cleanser / Face Tonic 100 ml (Pembersih Susu / Penyegar Toner Wajah),viva milk cleanser face tonic 100 ml pembersih susu penyegar toner wajah
952183003,train_2489554479,PISAU APPLE / BUAH,pisau apple buah
3926100920,train_502424333,GEA BABY Kantong Asi 120ml 200ml 250ml / Kantong Asi GEA Breast Milk Bag isi 30 Pcs,gea baby kantong asi 120ml 200ml 250ml kantong asi gea breast milk bag isi 30 pcs
3001123709,train_2646194803,BREYLEE Blackhead Remove Nose Mask Serum Blackhead Remover+100pcs Paper,breylee blackhead remove nose mask serum blackhead remover+100pcs paper
4184214313,train_4027316093,Hijab instan Niqab/niqob jersey/Hijab masker instan jersey ukuran STANDAR,hijab instan niqab/niqob jersey/hijab masker instan jersey ukuran standar
3113678103,train_1874494631,PROHEMAT Sambungan Kran FLEXIBLE Filter Air Anti Splash Shower Keran Random,prohemat sambungan kran flexible filter air anti splash shower keran random
1237550763,train_1029900113,Tas waistbag pria shockwae tapax,tas waistbag pria shockwae tapax
994676122,train_889614566,100 pcs Kunciran Rambut Pouch Korea,100 pcs kunciran rambut pouch korea
3206118280,train_589749656,YUJA NIACIN STATERMKIT,yuja niacin statermkit
159351600,train_1061695682,"[READY, BISA COD]  BPOM GLUTA COLLAGEN SOAP BEAUTETOX SKINSUPERSTAR THE3ANGLE",ready bisa cod bpom gluta collagen soap beautetox skinsuperstar the3angle
3489985175,train_1995478389,[BELI 2 GRATIS 1] Sabun Tzuki soap tsuki menghaluskan mengencangkan dan memutihkan kulit original,beli 2 gratis 1 sabun tzuki soap tsuki menghaluskan mengencangkan dan memutihkan kulit original
452508504,train_2037424479,Universal car holder vip,universal car holder vip
952183003,train_450707221,Pisau Buah Motif Sarung Pisau buah stainless steel,pisau buah motif sarung pisau buah stainless steel
1141798720,train_627475146,(COD) MAYCREATE SUNBLOCK SPRAY,cod maycreate sunblock spray
1141798720,train_3366673512,MY CREATE WHITENING SPRAY - MY CREATE BODY SPRAY ORIGINAL 150ML,my create whitening spray my create body spray original 150ml
1141798720,train_4199111972,[PROMO] MAYCREATE MOISTURIZING UV SPRAY 150ML WHITENING SUNSCREEN SPF50 WATERPROOF PEMUTIH KOREA,promo maycreate moisturizing uv spray 150ml whitening sunscreen spf50 waterproof pemutih korea
562358068,train_1796048911,Viva Air Mawar,viva air mawar
4184214313,train_207366966,JILBAB SAFETY MASK NIQAB ANTI CORONA / JILBAB INSTAN / JILBAB SYRIA / JILBAB JERSEY,jilbab safety mask niqab anti corona jilbab instan jilbab syria jilbab jersey
159351600,train_2258929039,[ready stock free gift] SuperBoss Gluta Collagen Soap Beautetox Skinsuperstar,ready stock free gift superboss gluta collagen soap beautetox skinsuperstar
159351600,train_4238545699,Gluta Collagen Soap Chocowhite Whitemilky Beautetox Sabun Pemutih Badan Glutta Colagen Free Gift Ori,gluta collagen soap chocowhite whitemilky beautetox sabun pemutih badan glutta colagen free gift ori
159351600,train_2160269935,Gluta Collagen Soap Chocowhite Whitemilky Sabun Viral Pemutih Badan Glutta Colagen Ori Beautetox,gluta collagen soap chocowhite whitemilky sabun viral pemutih badan glutta colagen ori beautetox
3489985175,train_96512604,SABUN TZUKI,sabun tzuki
1746655739,train_866258068,\xe2\x9d\xa4artemis.shop\xe2\x9d\xa4 Acnol Lotion / Lotion For Acne 10ml,xe2 x9d xa4artemis shop xe2 x9d xa4 acnol lotion lotion for acne 10ml
1163569239,train_282632898,SCARLETT WHITENING SERUM (COD),scarlett whitening serum cod
4184214313,train_1101178127,(1kg muat 5pcs) MADINA CADAR HIJAB JADI SATU PET ANTEM HIJAB JILBAB KHIMAR KERUDUNG,1kg muat 5pcs madina cadar hijab jadi satu pet antem hijab jilbab khimar kerudung
66247839,train_409083230,Sarung Tangan Motor iGlove Layar Sentuh,sarung tangan motor iglove layar sentuh
66247839,train_1878157145,Sarung Tangan Motor iGlove Touch Screen,sarung tangan motor iglove touch screen
66247839,train_2540759500,Sarung Tangan iGlove Touch Gloves for Smartphones & Tablet,sarung tangan iglove touch gloves for smartphones tablet
66247839,train_3331058393,\xe3\x80\x90GOGOMART\xe3\x80\x91iGlove Touch Gloves / Sarung Tangan Smartphones & Tablet - 1 Pasang,xe3 x80 x90gogomart xe3 x80 x91iglove touch gloves sarung tangan smartphones tablet 1 pasang
66247839,train_45716986,iGLOVE TOUCH SCREEN / I GLOVE SARUNG TANGAN MOTOR GOJEK GRAB TOUCH SCREEN Capacitive Smartphone,iglove touch screen i glove sarung tangan motor gojek grab touch screen capacitive smartphone
994676122,train_118604281,100 Pcs Ikat Rambut Karet Polos Elastis Gaya Korea untuk Wanita,100 pcs ikat rambut karet polos elastis gaya korea untuk wanita
994676122,train_1157582002,100Pcs Ikat Karet Rambut Elastis Warna Polos Gaya Korea untuk Wanita,100pcs ikat karet rambut elastis warna polos gaya korea untuk wanita
1746655739,train_1698463128,Acnol Lotion for Acne obat jerawat 10 ml,acnol lotion for acne obat jerawat 10 ml
4184214313,train_3135354600,HIJAB SAFETY MASK NIQAB ANT200I DEBU / HIJAB INSTAN / HIJAB SYRIA / HIJAB JERSY (PET),hijab safety mask niqab ant200i debu hijab instan hijab syria hijab jersy pet
159351600,train_1141098045,[READY] Gluta Collagen Soap Beautetox BPOM [FREE JARING],ready gluta collagen soap beautetox bpom free jaring
1141798720,train_2114123891,"(H1073) MAYCREATE MOISTURIZING SPRAY 150ML/ MAYCREATE WHITENING/PEMUTIH KULIT , MELINDUNGI DARI UV",h1073 maycreate moisturizing spray 150ml/ maycreate whitening/pemutih kulit melindungi dari uv
2259957740,train_2793429759,RING LIGHT LAMPU SELFIE RINGLIGHT LED FOR ALL SMARTPHONE,ring light lampu selfie ringlight led for all smartphone
4184214313,train_214756532,DF - MADINA HIJAB CADAR JADI SATU // TUDUNG JILBAB JUMBO XL,df madina hijab cadar jadi satu tudung jilbab jumbo xl
4184214313,train_547642400,jilbab 2 in 1 // French jilbab cadar //Khimar Pinguin Tanpa Lengan / French Hijab Yumna /,jilbab 2 in 1 french jilbab cadar /khimar pinguin tanpa lengan french hijab yumna /
3113678103,train_1944956984,LR687 Sambungan Kran FLEXIBLE irit air Anti Splash Shower-head Saring,lr687 sambungan kran flexible irit air anti splash shower-head saring
3113678103,train_595049990,NS anti splash shower - alat sambung kran - sambungan keran flexibel LR687,ns anti splash shower alat sambung kran sambungan keran flexibel lr687
3113678103,train_1364655400,Sambungan Kran FLEXIBLE FILTER keran air bisa panjang pendek F386,sambungan kran flexible filter keran air bisa panjang pendek f386
452508504,train_3005965446,HOLDER BUNGA HOLDER GURITA MAGIC PHONE,holder bunga holder gurita magic phone
3489985175,train_3609831846,TZUKI SOAP Reguler,tzuki soap reguler
871679006,train_3330857259,AM349 Bunga plastik / Pajangan bunga Artifisial / motif nanas buatan Vas Bulat,am349 bunga plastik pajangan bunga artifisial motif nanas buatan vas bulat
994676122,train_1710200794,Karet Ikat Rambut Polos Simple dan Elegan,karet ikat rambut polos simple dan elegan
452508504,train_2116534087,Smartphone flexible car holder stand mobil holder hp cumi,smartphone flexible car holder stand mobil holder hp cumi
3489985175,train_2245318654,SABUN TZUKI- SABUN PEMUTIH WAJAH KULIT BADAN ORIGINAL BELI 2 GRATIS 1,sabun tzuki- sabun pemutih wajah kulit badan original beli 2 gratis 1
3926100920,train_1284480482,Gea Baby Breast Milk Storage Bag 120ml kantong asi,gea baby breast milk storage bag 120ml kantong asi
1141798720,train_4178955354,Maycreate Body Whitening Spray 150ML,maycreate body whitening spray 150ml
1163569239,train_3240884969,Scarlett Whitening Serum Brightly,scarlett whitening serum brightly
4184214313,train_1178465275,Hijab instan safety anti corona / jilbab niqab / hijab niqob / hijab mask / hijab cadar,hijab instan safety anti corona jilbab niqab hijab niqob hijab mask hijab cadar
159351600,train_3414293340,[READY]Sabun Gluta Collagen Beautetox Chocowhite Whitemilky Soap,ready sabun gluta collagen beautetox chocowhite whitemilky soap
994676122,train_3099122287,INS Tali Rambut Sederhana Dasar Set Karet Gelang Tinggi Elastis,ins tali rambut sederhana dasar set karet gelang tinggi elastis
3113678103,train_4103350755,Sambungan Kran FLEXIBLE irit air Keran Splash Shower,sambungan kran flexible irit air keran splash shower
3206118280,train_4263836867,SOMEBYMI YUJA NIACIN 30 DAYS BRIGHTENING STARTER KIT,somebymi yuja niacin 30 days brightening starter kit
2259957740,train_46242622,Ring Light Selfie LED / Lampu Selfie Bulat Untuk Kamera Camera Hp Flash Charm Eyes,ring light selfie led lampu selfie bulat untuk kamera camera hp flash charm eyes
1141798720,train_112182868,(ORIGINAL 1000%) MAYCREATE SPRAY PEMUTIH BADAN 150 ML,original 1000 maycreate spray pemutih badan 150 ml
1746655739,train_290254101,ACNOL LOTION 10 ML best anti acne,acnol lotion 10 ml best anti acne
1746655739,train_2712719311,Acnol Lotion Obat jerawat cair 10ml ASLI 100%,acnol lotion obat jerawat cair 10ml asli 100
562358068,train_3730694224,Viva Air Mawar 100ml,viva air mawar 100ml
994676122,train_1431505272,100 PCS Ikat Karet Rambut Elastis Gaya Korea - Aksesoris Rambut,100 pcs ikat karet rambut elastis gaya korea aksesoris rambut
994676122,train_2767483557,100 Pcs Ikat Rambut Karet Polos Elastis Gaya Korea untuk Wanita,100 pcs ikat rambut karet polos elastis gaya korea untuk wanita
1141798720,train_3668806308,MAYCREATE MOISTURIZING SPRAY 150ML(1KG 6PCS)  / Rajamarket,maycreate moisturizing spray 150ml 1kg 6pcs rajamarket
