id1,id2,title1,title2,label_group1,label_group2,label,pair_type
train_18741778,train_286080382,Pinky Pelangsing  isi 30 kapsul Pink,GROSIR Pinky Pelangsing isi 30 kapsul Pink Pelangsing,876075856,876075856,1,positive
train_4012166673,train_1364840271,BENDERA MERAH PUTIH Termurah Berbagai Ukuran Bendera Kain RI Indonesia,Bendera Merah Putih Bahannya Bukan Kain Katun Indonesia Merdeka,201680035,201680035,1,positive
train_1877014636,train_43788134,MADU GIBRAN 4 FREE 2 (COD) | Madu Gibran | Vitamin Terlambat Bicara | Madu Anak GIbran | Madu Anak,(BISA COD)HOT PROMO MADUGIBRAN BELI 2 DAPAT 3 SUDAH BPOM MADU GIBRAN,2214168875,2214168875,1,positive
train_1328425268,train_3901651266,Hand Sanitizer 1 Liter BPOM 70% Alkohol Denat,Hand Sanitizer 1 Liter BPOM | Antiseptik Cair,1976591818,1976591818,1,positive
train_923298626,train_544580404,JESINA DRESS,JESINA DRESS MAYOUTFIT,1797968020,1797968020,1,positive
train_2505772449,train_1166421184,\xe2\x9b\x94 READY STOCK JAKARTA \xe2\x9b\x94 | DOMPET WANITA | DOMPET MODEL KOREA | FASHION CLASSIC FC | ORIGINAL IMPORT,\xe2\x9d\xa4\xef\xb8\x8f TOKOKOE \xe2\x9d\xa4\xef\xb8\x8f | Dompet Wanita Fashion Classic Original | Dompet Cewe Dompet Korea Tas Gadget Import,1087761514,1087761514,1,positive
train_2804635248,train_1968685616,Co2.cloth celana Jeans Perempuan (co.14) Usia 2-12 thn original cocorobert Co2.cloth,Co2.cloth celana Jeans perempuan (co.15) usia 2-12 thn original cocorobert Co2.cloth,812681295,812681295,1,positive
train_578662909,train_1995131575,Theeter buah / Gigitan bayi,Teether gigitan bayi buah,699162785,699162785,1,positive
train_3107360607,train_755457059,BC105 - Tshirt Wanita / Kaos Wanita BANDANA GIRL Lengan Pdk,KAOS BAJU WANITA BANDANA GIRL TUMBLR TEE TSHIRT,3359878181,3359878181,1,positive
train_2793867217,train_1258251589,Kojic Soap Thailand Super Whitening Original Inport Thailand New Pack (Khusus Grosir) m,[PROMO SPESIAL] Kojic Soap Thailand Super Whitening 100% Original Thailand Sabun Badan TERMURAH,247513865,247513865,1,positive
train_1763800822,train_2005139950,Lakban 48 mm NACHI Tape Coklat Plakban Bening 48mm 100 Yard isolasi murah,Lakban Nachi - Lakban Nachi 100yd - Lakban Bening Coklat - Solasi 48mm,234541980,234541980,1,positive
train_2986571983,train_5943876,Uticon ST-118 (B) Stop Kontak 1 Lubang (Tanpa Kabel)\r\n,UTICON ST118 Stop Kontak 1 Lubang - TANPA KABEL,750485770,750485770,1,positive
train_1316936602,train_1749746938,Mu touch shower cream 1000ml,Mu Touch Shower Cream 1000ml,1764824678,1764824678,1,positive
train_488746960,train_908656061,Popok celana dewasa M .L .XL,Pempers Celana Dewasa M/L/XL,1885354900,1885354900,1,positive
train_268209901,train_3724788955,Jaket Anak Laki laki Jaket Anak Superhero Jaket Anak Laki laki Usia 2-10Tahun Jaket Anak Cowo,HARGA KONVEKSI JAKET HODIE KARAKTER  ANAK HARGA TERMURAH,4025398086,4025398086,1,positive
train_2379490911,train_196423544,Sobaso Tepung Pengenyal Bakso 32 Grx10,"b""'SOBASO' Pengenyal BAKSO (isi 10bks/@32gr)""",214030731,214030731,1,positive
train_1119587076,train_4287026954,KAYSER - PAKAIAN MUSLIM - TRK Baju Muslim Kurta Kaos Polos Baju Koko Pria Gamis Pakistan,TRK Baju Muslim Kurta Kaos Polos Pria,1615893885,1615893885,1,positive
train_1931419892,train_2157103101,Baut /Murr /Wellnut Windshield Motor Nmax anti Jebol Yamaha,Baut/ Murr/ Wellnut Windshield Motor Nmax Anti Jebol,3343546859,3343546859,1,positive
train_2508716395,train_2291298539,TEMPERED GLASS FULL LAYAR INFINIX HOT 8 + TG ANTI GORES LENSA CAMERA,Paket Promo Tempered Glass Full Layar Dan Tempered Glass Lensa Camera Infinix Hot 8,1777801694,1777801694,1,positive
train_3217442853,train_2832703106,Parutan Serbaguna Drain Basket Pemotong Sayuran,Parutan Pengiris Drain Basket PS869 - Wet Basket Vegetable Cutter,3562764254,3562764254,1,positive
train_4171229364,train_2203253743,Converter joystick PS2 to PS3 / Konventer Cabang Stik PS2 Ke PS3,CONVERTER 2 CABANG PS3,2235617506,2235617506,1,positive
train_688511663,train_2039814521,REXONA Dry Serum Natural Whitening Fresh Sakura 50 ml.,Rexona Deodorant Dry Serum Whitening Fresh Sakura 50ml Anti Bakteri,56000847,56000847,1,positive
train_903283426,train_2929996207,Erigo Checked Pants Glory Grey Orange,Erigo Checked Pants Uranus Grey,1260534917,1260534917,1,positive
train_1354706219,train_300969575,Heinz Biscotti Snack ED Feb 2021,Heinz Biscotti 60g / Heinz Biskuit Bayi / BabyLexx,3366231353,3366231353,1,positive
train_862864956,train_2184763987,Sepatu sneaker running slomon termurah terlaris,Sepatu salomone terlaris,2727555996,2727555996,1,positive
train_3023221946,train_2063477531,Lentera Solar Tarik + Senter Tipe 5800 - Emergency Portable Lamp,Senter Lampu Emergency - Lentera Camping Powerbank Solar N1 / Lentera Tarik Type SX-5200 MINI,2231198508,2231198508,1,positive
train_1695975458,train_4254318001,LIFEBUOY TOTAL 10 BODYWASH 500ML,Lifebuoy Sabun Mandi Cair Antiseptik Total 10 500 ml - Body Wash Sabun Antiseptik Sabun Cair Pump,1224186058,1224186058,1,positive
train_1622572358,train_3641890570,Entrasol Gold Vanilla 350gr,Entrasol Gold Vanila/Coklat 2 X 185gr,1739633526,1739633526,1,positive
train_2598347612,train_2645873492,Rantang 5Susun/Rantang Beranak Stainless Steel,[ 1KG MUAT 3 ] GP 367 COD Rantang Stainless 5 Susun Protect Fresh Box 5 in 1 Murah Produk Import,2695839971,2695839971,1,positive
train_1504666853,train_3315820247,Emina Masquerade Face Mask 1 sachet,EMINA MASQUERADE FACE MASK 23GR,809466744,809466744,1,positive
train_1196553651,train_2229356080,Termos pompa delvonta airpot 1.9 / 2.5 / 3 liter,"Delvonta termos pompa kaca 3,5 liter vacuum air pot",742142663,742142663,1,positive
train_3001782116,train_673116554,IMPLORA MATTE LIPCREAM,LIP CREAM MATTE IMPLORA URBAN LIPCREAM IMPLORA TERMURAH ASLI ~kc,3031225492,3031225492,1,positive
train_4267809389,train_2279925563,Aseptic Gel Hand Sanitizer 1 Liter Refill OneMed,ASEPTIC GEL 1L Handsanitizer Aseptik Gel Antiseptik 1 liter,774537932,774537932,1,positive
train_2163758998,train_2275009292,"SALEP SRITI ORIGINAL ~ OBAT SALEP GATAL,PANU,KUDIS,KURAP","Salep Walet Sriti Original Asli BPOM - obat salep Gatal,kudis,kurap,panu",2877017268,2877017268,1,positive
train_3521351715,train_563193178,Jilbab Niqob Ainun Niqab Ori Zain Collection,Jilbab instan ainun niqob ORI ZAIN,2763108409,2763108409,1,positive
train_2794162509,train_4242844180,"b""Kintakun Sprei D'luxe - 120 x 200 (Extra Single) - Crown""",WW Sprei Kintakun Dluxe - CROWN - 120x200 (Single) - Tinggi 20cm,2120709289,2120709289,1,positive
train_766682438,train_4197224874,Papan Dart Peluru Lembut untuk Nerf N-Strike Seri Elite bjrt,Papan Dart Target Tembak untuk Nerf N-Strike Elite Series Target WOW,351484443,351484443,1,positive
train_1399677258,train_1916554181,Popok Dewasa Tipe Perekat size XL,Popok Dewasa Tipe Perekat size M,3648260272,3648260272,1,positive
train_985270715,train_2234225325,JILBAB MASKER BAHAN Tebal JERSEY PREMIUM/Jilbab ANTI CORONA/JILBAB INSTAN/JILBAB SYRIA /JILBAB JERSY,(Bisa COD) HIJAB MASKER JERSEY TANPA TALI,4284476680,4284476680,1,positive
train_3218060299,train_3923617837,MUKENA TERUSAN PRADA CATALINA SEMI JUMBO,MUKENA TERUSAN PRADA KRISDAYANTI SEMI JUMBO By Khadijah Label,975541424,975541424,1,positive
train_2001755377,train_588641034,Motopower Tester Baterai Digital Voltmeter Analyzer 12V OMBT79BK,Alat Cek Aki/Motopower Tester Baterai Digital Voltmeter Analyzer 12V,3020212670,3020212670,1,positive
train_2123027136,train_366017671,SOME BY MI AHA BHA PHA 30 Days Miracle Toner 150ml 100% Original Korea,Somebymi aha bha pha 30days miracle toner 150ml,629711018,629711018,1,positive
train_3170008702,train_622019859,The Things You Can See Only When You Slow Down Haemin Sumin - Gramedia,The Things You Can See Only When You Slow Down,2352103908,2352103908,1,positive
train_1073247888,train_3195775448,Munafie - munafie slim pant - celana korset - cd korset - cd munafie - celana dalamunafie,High Waist Slim Panty New,2901789851,2901789851,1,positive
train_3394197205,train_1709273284,"Pentel Pensil Mekanik Caplet 0,5 A105 Murah Berkualitas","PENSIL MEKANIK PENTEL CAPLET 0,5",1555008436,1555008436,1,positive
train_3744997355,train_3772351973,Doremi Handwash Orange Pump 225 ml,Handwash antiseptic doremi 225ml,557839292,557839292,1,positive
train_125039972,train_1656681741,7/9 RUMBAI DARK BIGSIZE JEANS,7/9 RUMBAI DARK JEANS CELANA WANITA BIGSIZE-MYCHOCOJEANS,371648479,371648479,1,positive
train_4148381363,train_557324508,Purbasari Lulur Mandi Susu Bengkoang 125 gram,PURBASARI LULUR BENGKOANG 125 ML,1841533652,1841533652,1,positive
train_2741884156,train_4231564899,"[5gr] B55 PLASTIK PELINDUNG KARTU ATM, KTP, SIM , DLL TERMURAH",Plastik Pelindung ATM / SIM / KTP / Kartu Nama Cover pelindung,2323671719,2323671719,1,positive
train_2226801890,train_164438798,TERMURAH PROMO okiko platinum size M original makanan lohan bagus,Okiko platinum,637608194,637608194,1,positive
train_441026089,train_3907198954,Loyang sekat brownies BERGARANSI,LOYANG SEKAT UKURAN 20 DAN 24 CM,1886504359,1886504359,1,positive
train_3670675399,train_1089344950,ISLAMIC PARENTING,BUKU ISLAMIC PARENTING (AQWAM) - BUKU PENDIDIKAN KELUARGA ISLAMI - PENDIDIKAN ANAK ISLAMI,802602048,802602048,1,positive
train_2219492751,train_4273398058,PURE KIDS - INHALANT DECONGESTANT OIL 10 ML / OBAT HIDUNG TERSUMBAT BAYI,PURE KIDS INHALANT DECONGESTAN OIL Aroma Terapi,3032743214,3032743214,1,positive
train_2854446078,train_563965822,Stimuno Imunomodulator - Sirup 60 mL Suplemen Anak Daya Tahan Tubuh,Stimuno,2232723805,2232723805,1,positive
train_3363242343,train_3606524661,MS GLOW NIGHT CREAM,MS GLOW NIGHT CREAM,3594689523,3594689523,1,positive
train_3366721885,train_2140928347,Backdoor Backcover Tutupan Baterai Xiaomi Redmi Note 2 OC,Backdoor Xiaomi Redmi Note 2 / Tutup Belakang Casing Xiaomi Redmi Note 2,2920994394,2920994394,1,positive
train_3681532274,train_2812194012,Organic Goji Berry 250gr,Goji berry organic 250 gr,1288241822,1288241822,1,positive
train_1101059409,train_4163693024,Masker anak masker kain 2 lapis,Promo Oktober Masker kain anak 2 lapis,2959365023,2959365023,1,positive
train_2924920556,train_3686236782,Autofocus oppo realme c11 realme c15,Softcase Realme C15 C12 C11 Case Auto Focus Leather Case,2843799921,2843799921,1,positive
train_990799540,train_870058463,A97 Cairan Pembersih dan Pelindung Kaca Mobil Wiper Fluid HEMAT PRAKTISS,TABLET PEMBERSIH WIPER KACA MOBIL TABLET CAIRAN SABUN WIPPER FLUID,1689755103,1689755103,1,positive
train_901987086,train_1388484165,FROZEN COLLAGEN 2 IN 1 WHITENING X10 ORIGINAL THAILAND 60KAPSUL - frozen collagen thailand asli,( COD )\nORIGINAL FROZEN COLLAGEN WHITENING THAILAND - SUPLEMENT COLLAGEN PEMUTIH BY GLUTA FROZEN,2142915507,2142915507,1,positive
train_1407447067,train_2899991056,MORYMONY TAS LUIS BULAT - Tas Ransel Backpack Korea Fashion,[LOKAL] DOMMO - D1171 TAS LUIS BULAT - Tas Ransel Backpack Korea Fashion MORYMONY,571810386,571810386,1,positive
train_4252355151,train_3881545855,Meja Lipat Anak Napolly Karakter Kartun Lap Desk Lapdesk Belajar Makan Lesehan Napoli LISENSI DISNEY,Meja belajar lesehan karakter napolly hellokitty,1362651780,1362651780,1,positive
train_2853695827,train_3139539377,INNERTRUE Essence of Life Serum 15ml,INNERTRUE Essence of Life Serum 15ml,4264856151,4264856151,1,positive
train_3471026967,train_1435359435,sepatu pria casual formal kickers alton venom terlaris,SEPATU PRIA SLOP KICKERS ALTON VENOM CASUAL FORMAL,1975615747,1975615747,1,positive
train_3803549515,train_1571033966,MIKROTIK SXTSQG-5ACD SXTSQ 5 AC RBSXTSQ AC,MikroTik Embedded Wireless Client SXTsq-5HPnD 5GHz MIMO 1 unit,1294419997,1294419997,1,positive
train_2501575831,train_483960827,Gantungan Hook Kail Barang Tempel Di Dinding Multifungsi (1 Set Isi 6),Gantungan Tempel Dinding Kait / Powerful HOOK,3671792044,3671792044,1,positive
train_3501585693,train_1337569431,Botol Minum My Bottle Motif Baru BPA FREE Eco-Friendly DA BD06,My Bottle - animal 500 ml - tahan panas,3027964121,3027964121,1,positive
train_203427216,train_654935368,SL Galuh set,[Bayar Ditempat].GALUH SET ATASAN DAN ROK XXL,2163361025,2163361025,1,positive
train_2047191940,train_236461645,MARKS & SPENCER - Floral China Hand & Body Lotion 250ml,MARKS AND SPENCER HAND & BODY LOTION 250 ml 250ml - CHINA BLUE,1770286788,1770286788,1,positive
train_1335431882,train_1352079318,PAKET CREAM HERBAL POT CEMBUNG,PAKET CREAM HERBAL KEMASAN LAMA REAL PIC,2597349312,2597349312,1,positive
train_3925771802,train_6919809,Lem Korea Handsome Cyanoacrylate / Lem Cair Serbaguna,Lem Korea Handsome / Lem Sebaguna,451207812,451207812,1,positive
train_3702636634,train_737364350,Vitalong C Isi 30,Vitalong C 30`S,1851642269,1851642269,1,positive
train_571447931,train_1218725871,Nutrisari jeruk maroko di jual per renteng,"b""Nutrisari Jeruk Maroko 10's""",250077209,250077209,1,positive
train_4180848305,train_831766027,Tabung Gas Butana Hi-Cook 230Gr,Gas Hi-Cook 230gr Murah,2522652442,2522652442,1,positive
train_2728351,train_1333536433,NATURE REPUBLIC Soothing & Moisture Aloe Vera 92% Soothing Gel Mist,NATURE REPUBLIC Soothing & Moisture Aloe Vera 92% Soothing Gel Mist 150ml,3187305937,3187305937,1,positive
train_4112972087,train_345099541,Handsfree Samsung Galaxy S6 S6 Edge S7 EG920 S8 Headset samsung Earphone samsung Original,Earphone Samsung Galaxy S6 S6 Edge S7 EG920 S8 / Headset Earphone Original Handsfree Samsung ORI,2149136762,2149136762,1,positive
train_2895188772,train_4257840466,Celana Soft Jeans REBEL 8 Skinny WANITA MEDIUM BIG SIZE,[ EB ] H*M Super Skinny High Jegging Jeans celana,531591155,531591155,1,positive
train_4173374701,train_512297426,Hijab anak 2 in 1 turban kriwil kombinasi hello Kitty,Hijab anak topi pita polos jilbab murah,1701450902,1701450902,1,positive
train_1604871392,train_2292475517,[ READY 6 WARNA ] GROSIR TAS BATAM FASHION SERUT MINISO,[ READY 6 WARNA ] GROSIR TAS BATAM FASHION SERUT MINISO TERMURAH - BM,2518230832,2518230832,1,positive
train_4012687377,train_1569846146,Jeans Anak Pendek 468/141618,Jeans pendek anak size 141618,1713719151,1713719151,1,positive
train_2334699778,train_1110420245,YOU - The Gold One Dream Skin Perfect BB Cushion [High Coverage / Brightening Effect / Oil Control],"BUY1GET1 FREE, YOU The Gold One Dream Skin Perfect BB Cushion make over by Y.O.U ready stock lengkap",3971342035,3971342035,1,positive
train_2144273770,train_3995406426,Senter LED Cahaya Putih Tactical CREE XML-T6 8000 Lumens with Baterai plus PN-2,Senter LED Cahaya Putih Tactical CREE XML-T6 8000 Lumens with Baterai plus PN-2,3151399095,3151399095,1,positive
train_87130598,train_2485414555,Penguat Sinyal Wifi / Alat Memperluas Jangkauan Wifi XMI Versi Repeater Pro,WIFI REPEATER PRO / AMPLIFIER EXTENDER PRO 300MBPS ORIGINAL,3641663108,3641663108,1,positive
train_2966076779,train_59596076,PAKET 5 PCS Indomie Kuliner Empal Gentong Mie Instan Kuah Khas Jawa Barat - 5pcs x 75gr,PAKET ISI 5 Indomie Mie Instan Kuah Empal Gentong - 5pcs x 70gr,1111979291,1111979291,1,positive
train_2820724146,train_214454351,(GROSIR) TEMPERED GLASS CERAMIC FILM FULL COVER FULL LAYAR A51/A71/Y19/Y12/Y17//Y15 ALL TYPE HP,Oppo F7/ F9/ F11/ F11Pro/ A3S/ A5S/A7/ A12/ A5 2020/A9 2020/ Reno 2z/2f/ Tempered Glass Full Ceramic,2122968520,2122968520,1,positive
train_2072165327,train_396196244,"[1KG 31PCS]\xe2\x9d\xa4 Kiddikiddo \xe2\x9d\xa4 KAOS KAKI KOREA, KAOS KAKI BULU ANAK, KAOS KAKI BINATANG, BABY SOCKS","KAOS KAKI BAYI, KAOS KAKI BULU ANAK, KAOS KAKI BINATANG, BABY SOCKS, KAOS BULU",1087947892,1087947892,1,positive
train_3772469399,train_64369767,TABASA Jas Hujan Poncho Celana Tic Toc 69121 Rain City,Jas hujan ponco celana tic toc,1989708386,1989708386,1,positive
train_676535442,train_2827025715,Siomay Udang (Dimsum) Roku Bento BDG Homemade Ready to Cook,Siomay Udang (Dimsum) Roku Bento Homemade Frozen Ready to Cook,2110599794,2110599794,1,positive
train_3722430985,train_634462410,Kaos kata kata viral anti gosip,KAOS KATA KATA TRUK CANTER/KAOS TRUK OLENG/KAOS DRIVER TRUK/KAOS TRUK MANIA,3417890639,3417890639,1,positive
train_996743433,train_3951118971,(1kg=6PCS ) KEMEJA RETRO PANJANG VINTAGE BAHAN PREMIUM WOLFIS PRINTING,Kemeja Dewasa Retro L&Xl Tangan panjang,3175683208,3175683208,1,positive
train_3406999737,train_3033754052,Softlens I See You / Softlen ISEEYOU / Soflens iseeu Soflens,Softlens Omega I SEE YOU NORMAL / Softlens / Softlense Iseeyou,2904113409,2904113409,1,positive
train_962500045,train_2642222572,Per Lusin Sarung Tangan Kain Katun 5 Benang Warna Abu GOSAVE Rajut Kualitas Super,PER Lusin Sarung Tangan Kain Katun Abu Abu 5 Benang Sarung Tangan Kain 5B Rajut Super Gosave,1768294681,1768294681,1,positive
train_3664728417,train_2512410750,Kispray Gold refill 300 ml,Kispray Pouch Refill Amoris 300 ml,1081393771,1081393771,1,positive
train_1693896192,train_1783271318,SOREX Kaos Kaki Pria M5001/ M5002/ M5004/ 5101/ 5102/ 5917/ 5918,SOREX SNEAKER MEN SOCKS - KAOS KAKI PRIA - 5006 5007,4061204363,4061204363,1,positive
train_2933289229,train_3047556844,[ 1KG = 2PCS ] 366 CATOKAN KERITING RAMBUT OTOMATIS VIVID MURAH PRODUK IMPORT,GB 366 COD CATOKAN KERITING RAMBUT OTOMATIS VIVID MURAH PRODUK IMPORT,3924937282,3924937282,1,positive
train_3537485089,train_1909511357,Tinta Art Paper Epson Diamond Ink Grade A Korea,Paket Tinta Art Paper Epson Isi Ulang Diamond Ink Grade A Korea,727036860,727036860,1,positive
train_685214387,train_509297860,"b""Pond's Angel Face Natural Mattifying Powder 50gr Ponds""","b""Pond'S Angel Face Powder Natural Mattifying 50G""",380064228,380064228,1,positive
train_4240208439,train_399735450,READY! GRATIS ISI ULANG! Pengharum parfum mobil ruangan lemari tas victoria secret bombshell,"(BONUS ISI ULANG) PARFUM MOBIL, PEWANGI RUANGAN, PEWANGI LEMARI",866425052,866425052,1,positive
train_3677053747,train_1625304047,MOLTO SOFTENER BLOSSSOM PINK 820 ML ( KHUSUS SUMATERA UTARA ),Molto Softener Pelembut Dan Pewangi Pakaian Blossom Pink 820Ml,1203796264,1203796264,1,positive
train_3055985129,train_2544777137,Kertas UKURAN A4 - HVS 100 Gsm,"KERTAS KARTON MANILA Kertas Gambar KARTON BC brief card 160 gr A2 (42 cm x 59,4 cm) PUTIH",1263454491,1263454491,1,positive
train_315589968,train_470415393,FYGALERY KAOS KAKI PANJANG POLOS DAN GARIS KAOS KAKI PANJANG MURAH BATAM KAOS KAKI PANJANG IMPORT,HC KAOS KAKI WANITA MOTIF 2 GARIS IMPORT#Bisa COD,3361632985,3361632985,1,positive
train_1490352954,train_1088573634,Sports Cam Full HD DV 1080P Waterproof Action Camera / Kogan / KOGAN NON WIFI,Sports Cam Full HD DV 1080P Waterproof Action Camera / Kogan / KOGAN,510217958,510217958,1,positive
train_56627806,train_865521865,Sunsilk Conditioner Thick & Long 170 ml,Sunsilk Thick & Long Shampoo 170 ml,3071217143,3071217143,1,positive
train_2070181148,train_3087359210,"b""Tajwid Lengkap Asy-Syafi'i - Pustaka Imam Syafi'i""",Tajwid Lengkap Asy Syafii - ORIGINAL 100% Pustaka Imam Syafiip,3044486308,3044486308,1,positive
train_3484198448,train_1194956987,Getah Karet Mentah Cair 600ml,Getah karet cair 600ml murni,3724855943,3724855943,1,positive
train_3890606324,train_2853373404,Lakban Bening / Coklat Nachi Tape,Duct Tape Saeki Tape / Lakban AC / Solasi AC Made in Korea,4227697284,4227697284,1,positive
train_3890361254,train_3771844104,Lem Lcd Lem Touchscreen T7000 Hitam 15ml,Lem Lcd Lem Touchscreen T-7000,2028004523,2028004523,1,positive
train_3627650209,train_3915347371,[Bayar di Tempat]Keras Jelas Suara Handlebar Bell Sepeda Bersepeda Mini Alarm Peringatan,ETERNA Bel Sepeda Bulat Lonceng Ting merk ETERNA / CONCORD,93493366,93493366,1,positive
train_2060320771,train_777792180,Milo sereal ball 330gr,Milo Cereal 330g,900100636,900100636,1,positive
train_3295799432,train_168752812,[COD] Dispenser Pompa Air galon Elektrik Listrik Portable Water Electric Pump Pompa Air Minum USB,Pompa Galon Elektrik Dispenser Air Listrik Portable Water Electric Pump Pompa Air Minum USB NON LED,4289165936,4289165936,1,positive
train_378997795,train_421909744,Lucu Unicorn Pink leopard Pensil Transparan Bag Pouch Tas Kosmetik Tempat,[TU] A5 Pouch Transparan Motif Kaktus - ST0018,2139688074,2139688074,1,positive
train_3136083164,train_1864049756,Desk Set / Pen Holder / Tempat Alat Tulis Jaring Jala Joyko DS-17 - 1 PCS,Joyko Desk Set Jaring Jala Tempat Alat Tulis Meja Pena DS-17 DS17,2727279155,2727279155,1,positive
train_3348651813,train_1728936342,Kinderkeen Multipurpose Caddy Bag,Kinderkeen Multipurpose Caddy Bag (NEW LOGO),877447896,877447896,1,positive
train_2130094536,train_950728335,Baju Koko Bayi Jumpsuit Koko Bayi Sablon Panjang,JUMPSUIT KOKO AQIQAH KOKO BAYI LENGAN PANJANG BAHAN ADEM,2353441254,2353441254,1,positive
train_212771174,train_325070356,Zoetoys Sticker Dot A Dot - Smile | Mainan Edukasi Anak,10 Lembar Stiker Motif Smile/Wajah Tersenyum,3460660835,3460660835,1,positive
train_2631622919,train_1688163345,Pashmina Ceruty  175 x 75 Cm,Pashmina Ceruty 175 x 75 Cm,1245324503,1245324503,1,positive
train_3247587892,train_3558469949,Hair dryer PHILIPS dry care HP8108 - garansi 2 tahun,PHILIPS HAIR DRYER HP 8108 / HP8108 ORIGINAL & GARANSI RESMI,3597197140,3597197140,1,positive
train_2774264958,train_2950279320,Gulaku Gula Pasir Premium / Tebu  1 Kg  halal Murah,Gula Pasir GULAKU Hijau Premium dan Kuning 1Kg,30522919,30522919,1,positive
train_1428858082,train_4279405182,TGB Rak Mini Kosmetik Kotak Serbaguna / Storage Kosmetik Box Organizer,OSB~ RAK KOSMETIK MAKE UP PLASTIK,2115449537,2115449537,1,positive
train_3874883815,train_3112960960,EMPING MELINJO MANIS JUMBO MENTAH 1/2 KG ASLI PRODUKSI LIMPUNG BATANG,EMPING MELINJO MENTAH ORIGINAL ASLI KHAS LIMPUNG TIPIS BERSIH HALUS RAPIH 1/2 KG,3983879500,3983879500,1,positive
train_1589141645,train_495277774,Lampu LED Emergency Tabung  28 Watt Putih SHUANGXIONG Intelligent LED Capsule SX-28W AC85-265V E27,Lampu Emergency 28w,1433564797,1433564797,1,positive
train_4212240914,train_4140972248,Air Humidifier Taffware Aromatherapy Air Humidifier Series 130ml,[ COD ] - Aroma Diffuser Minimalist Air Ultrasonic Aroma Humidifier Aromatherapy HUMI K-003-1,4044977701,4044977701,1,positive
train_368435217,train_2427619312,OKIKO BIG HEAD PLATINUM HEAD HUNTER 100GR 100 GRAM PAKAN PELLET PELET MAKANAN IKAN HIAS,BIG HEAD PLATINUM HEAD HUNTER 100GR 100 GRAM OKIKO PAKAN PELLET PELET MAKANAN IKAN LOUHAN,843778554,843778554,1,positive
train_1892329229,train_400441943,GENDER KASUR BULU DK140 / RASFUR LANTAI HALUS KASUR BANTAL,KASUR RASFUR GENDER  !!SURPET RASFUR 2 BANTAL bisa COD,2388828990,2388828990,1,positive
train_4238388589,train_1432463213,[SET] SKIN1004 Centella Basic 2 (100ml Ampoule+ 400ml Toning Toner),GLOW MAKER SET ( Ampoule 100ml dan Toner 400ml ),1618268097,1618268097,1,positive
train_3680816797,train_3527257820,Kaos kaki anak karakter superhero KKA,Kaos kaki anak karakter superhero KKA ZIOSCARF,2984727904,2984727904,1,positive
train_2047796353,train_2891956003,SARUNG BANTAL POLOS PREMIUM (20 PCS MASUK 1 KG),SARUNG BANTAL POLOS WARNA,1276663479,1276663479,1,positive
train_2968460872,train_4208062667,STELLA MATIC OTOMATIS // PENGHARUM RUANGAN//murmerrr///PROMO,Stella Matic Box Set 225ml| Alat Pengharum Ruangan Semprot Otomatis,4236654942,4236654942,1,positive
train_4292360632,train_913614970,Speaker Bluetooth Tenteng Portabable Unitech FJD-16DW Lampu LED Support USB MicroSD Aux FM Radio,"Kisonli Speaker Bluetooth Tenteng FojaxFJ-16DW Plus Mic Karaoke, Radio, USB, Micro SD",5949579,5949579,1,positive
train_2097012508,train_2134866710,PARFUM PRIA MURAH BVLGARI POUR HOMME SOIR 100ML,Parfum Pria Bvlgari Pour Homme Soir 100 ml,2596040872,2596040872,1,positive
train_1434057060,train_4111207655,FERGIOSHOP (COD) FASHION ANAK: SEPATU ANAK LAMPU C FASHION! SEPATU SNEAKER ANAK PEREMPUAN SZ 21-30,SEPATU ANAK IMPORT - Sepatu LED Sport Color,3890621677,3890621677,1,positive
train_1825646476,train_1694416873,MENTOS Roll Fruit Permen 37g,Mentos Roll Buah 37gr,155567437,155567437,1,positive
train_544455445,train_537936906,ORI CAT KITTEN 500 GRAM oricat kitten,ORI CAT Kitten 500gr pakan kucing,878766511,878766511,1,positive
train_3027385477,train_127365312,Masker Earloop Cantol 3 Ply BestMed / Best Med isi 50pc per box,Bestmed masker hijab/headloop semua warna isi 50 pcs!! Ready,2910731327,2910731327,1,positive
train_3118427665,train_1598254292,"Tripod 1M + Holder U Universal / Buat Camdig, Handycam , Dslr","Nagada Tripod 1M + Holder U Universal / Buat Camdig,\xef\xbc\x8cDslr\xef\xbc\x8cHandycam",2457457611,2457457611,1,positive
train_3935726540,train_3557155526,Pakan Kucing CAT CHOIZE 800gr,Cat Choize Freshpack 800gr/Cat Choize Tuna 800gr/cat Chioze Salmon 800gr/Makanan Kucing,1932447537,1932447537,1,positive
train_1147731811,train_3982974369,Paper Bag The Body Shop Small,PAPER BAG THE BODY SHOP,471581622,471581622,1,positive
train_1914519360,train_2398391490,HX| OPPO A12 A7 A5s A3s A37 A37F Neo 9 A71 A83 F1s F1 F3 Plus F5 Youth F7 Realme C1 2 U1 F9 F11 Pro Cartoon Doraemon Case,HX| OPPO A12 F1s F3 F5 Youth F7 F1 Plus F3 F9 F11 Pro A7 A5s A3s A37 A37F A71 A83 Realme U1 C1 2 Soft Doraemon Case,1942511804,1942511804,1,positive
train_978366812,train_1121681496,BPOM Madame Gie Total Cover BB Two Way Cake - Bedak Padat MADAME GIE TWC,Madame Gie Total Cover BB Two Way Cake - Bedak Padat,629514344,629514344,1,positive
train_644041448,train_3806044521,Proclin pemutih,Proclin Bottle 1000ml,690199618,690199618,1,positive
train_4249018620,train_633982262,Max Factor Lipfinity Restage 390 All Day Seductive,MAX FACTOR X  Lipfinity Lip Colour 24 HRS,3864646384,3864646384,1,positive
train_2876033769,train_921002461,EYE KIDS SWEATER RAJUT ANAK / Baju Rajut Anak / Kaos Rajut Anak / Sweater Rajut Anak Laki Laki,Baju Anak Laki - laki rajut halus EYE KIDS,554411564,554411564,1,positive
train_1084009550,train_3496323471,YOURSLIM STRONG / YS STRONG,PELANGSING YOURSLIM STRONG / YS STRONG,4253826862,4253826862,1,positive
train_2090194761,train_4268466355,Realme 5 Pro - Hard Case 360\xc2\xb0 Full Protection 3in1 Full Armor GKK ORIGINAL,ORIGINAL Hardcase GKK CASE 360 Full Protective for Realme 5 / 5s / 5i / 5 Pro,982338194,982338194,1,positive
train_3662133601,train_273157919,Lampu LED Modul 1.5 Watt 24 Volt / LED Module 1 Mata Jumbo 1.5W 24V,Lampu LED Modul 1.5 Watt 24 Volt / LED Module 1 Mata Jumbo 1.5W 24V,1006632886,1006632886,1,positive
train_1327901852,train_1038716161,celana joger pria list army -jogger pants pria green army-joger cino terbaru murah berkualitas,Celana Jogger Old Navy Original Lightweight Jersey Knit Jogger,3783584479,3783584479,1,positive
train_2743870047,train_866113781,KedaungHome Cangkir Doreng Latte KI-LATTE,Kedaung Cangkir / Mug Enamel Loreng 10 cm,1313560418,1313560418,1,positive
train_1788562624,train_1071569835,Maestro Thousand Island Standing Pouch 180 gr,MAESTRO thousand island 180gr,2124414157,2124414157,1,positive
train_1986664785,train_2393407401,Sepattu Ardiles Slip On -Tayon,Ardiles slip on original termurah,4213009176,4213009176,1,positive
train_1395269509,train_1163126542,"Baby Alive Littles, Push \xe2\x80\x98n Kick Stroller, Little Ana - BYAE7182",Little Baby Alive Push and Kick Stroller,3369520057,3369520057,1,positive
train_484650418,train_1144177936,Kain Satin Roberto Cavali Silky,Kain Satin Roberto Cavalli/Roberto Cavali 100% pure silk kain satin sale!! 14.000,1706249589,1706249589,1,positive
train_598231022,train_3019977879,DoubleStick Kayu Nunchaku Kayu Tongkat Alat Bela Diri Olahraga LX001-1,DoubleStick Kayu Nunchaku Kayu Tongkat Alat Bela Diri Olahraga LX001-1,1632378232,1632378232,1,positive
train_4211513283,train_3794764263,Tutup Knalpot Motor Vario 125 - Vario 125/150 LED Plastik Pelindung Knalpot Plastik SKU-0860,Tutup knalpot/ tameng knalpot vario 125/150,2496490600,2496490600,1,positive
train_1952855662,train_2511894482,[CELUP] TEH JATI CINA CELUP / TEH DAUN JATI CINA / TEH PELANGSING / TEH HERBAL ALAMI,"GROSIR Teh celup jati cina,obat diet, pelangsing badan alami,peluntur lemak",3173716369,3173716369,1,positive
train_2103802277,train_3046347473,Buku Tematik SD - Kelas 2 Tema 2 - Bermain di Lingkunganku - Kur 2013 Revisi 2017,Buku Tematik Terpadu kurikulum 2013 edisi revisi 2017 untuk kelas 2 SD Tema 2 Bermaindi Lingkunganku,2980312193,2980312193,1,positive
train_2532602543,train_3306266563,Dua Tani - Beras Basmati 2kg - Beras Panjang - Vacuum Packaging,BERAS BASMATI DUA TANI PREMIUM GOLD KEMASAN 2 KG,3482581882,3482581882,1,positive
train_836224498,train_3586986908,"SETELAN BAJU OK / BAJU OKA , BAJU SERAGAM OPERASI SCRUB , BAJU PERAWAT LENGAN PANJANG (UNISEX)","SETELAN SERAGAM OK, BAJU OK, SERAGAM PERAWAT OKA, BAJU SCRUB, BAJU JAGA",4122583114,4122583114,1,positive
train_3132135789,train_1294487234,(TERMURAH 20GR) PHILOCALY SKIN PEEL OFF MASK - 20 GRAM,MASKER/ Peel Off Mask BPOM + HALAL By Philocaly,3581390015,3581390015,1,positive
train_3301792790,train_4259718365,Kobe Mi Boncabe Lv 15 Rasa Mie Goreng 105 gr,MIE BON CABE LEVEL 15,949468805,949468805,1,positive
train_1384108219,train_425949105,Velvet Junior 3 Pcs Size S/M/L Oblong Lengan Bloon,Velvet Junior 3 pcs Size S / M / L oblong tangan bloon,1998723780,1998723780,1,positive
train_2632634612,train_2903480704,Topi mancing Topi cadar Topi ronda Topi Jepang Topi proyek Topi bangunan,Topi Mancing Topi Jepang Outdoor Masker Pelindung Wajah Kepala Full face,1811546934,1811546934,1,positive
train_4266153577,train_2253927408,[BISA COD]PAKET 2R POLAROID 100 FOTO 16K PALING MURAH,[PROSES 1 HARI] PAKET  CETAK 100 FOTO POLAROID UKURAN 2R MURAH BERKUALITAS,514591526,514591526,1,positive
train_223002916,train_1367030927,[PPS7] Pulpen Pen Pipo SG Tecno Tip PPS7 Alat Tulis ATK Kantor Sekolah Hitam 12 Pcs,[PIPO MEDAN] Pulpen Pen Pipo SG Tecno Tip PPS7 Alat Tulis ATK Kantor Sekolah Hitam 12 Pcs Tahan Air,2713190086,2713190086,1,positive
train_1430630186,train_3254239061,KAOS 3SECOND THREE SECOND 3SCO DISTRO TERLARIS TERMURAH,(PROMO 1 HARI) KAOS 3SECOND BM ORI KAOS PRIA KAOS DISTRO,167014317,167014317,1,positive
train_2585562217,train_4039536157,Baterai Hippo Xiaomi BM47 Redmi 3 / 3S / 3 Prime / 4X / 4X Prime Garansi Resmi 3 Tahun,Baterai Hippo Xiaomi Redmi 3 3S 3 Prime Pro 4X 4X Prime BM47 Original Batre Batrai HP Garansi Resmi,1859147125,1859147125,1,positive
train_2329028418,train_1325200458,Pigeon Cotton Swab 100 Pcs,Pigeon Cotton Swab Isi 100 Pcs,1776011373,1776011373,1,positive
train_1477276462,train_2038773315,headset handsfree earphone bluetooth i7 TWS iphone 7 8 / i7s wireless android,Handsfree/Headset/Earphone Bluetooth Airpods Sport i7S TWS(True Wireless Stereo) V5.0 with Mic,60172066,60172066,1,positive
train_1960902926,train_2245070646,Morning Whistle by Terry Palmer Handuk Denta Bamboo 70x135 cm - Grey,Terry Palmer Handuk Mandi Morning Whistle DENTA BAMBOO  uk 70x135 cm,569449847,569449847,1,positive
train_3572772119,train_198707056,(1KG 4 PSNG))SANDAL  JEPIT SANTAI / SANDAL NONGKRONG MURCE,[ BISA COD ] SANDAL PRIA TERBARU SLIDE IMPORT,477987023,477987023,1,positive
train_860637950,train_719800812,READY STOCK KATHH MASK COFFEE,Ready Kathh Mask Coffe,1851016573,1851016573,1,positive
train_168756473,train_1846139535,Buku Tuntunan Shalat Lengkap Praktek Sholat  Toha Putra,Buku Tuntunan Sholat Lengkap,539875101,539875101,1,positive
train_543935887,train_2226794945,Purbasari Hand Gel 50ml,Purbasari Hand Sanitizer Gel,244622761,244622761,1,positive
train_2267332177,train_2331374507,Lazy Pod Phone Holder Universal Clip Holder Lazy Flexible,Lazypod Phone Holder Jepit Smartphone Handphone [KK],2651025355,2651025355,1,positive
train_2830035620,train_584601975,Masker Reusable kn95 Bahan ray95 Warna Abu-Abu Putih,Masker KN95 Anti Debu dan Polusi,568434175,568434175,1,positive
train_982597801,train_2093128644,Minyak kayu putih,Minyak Kayu Putih Cap Lang Caplang 210ml 120ml 60ml 30ml,4096600343,4096600343,1,positive
train_1669495813,train_3233068605,Tirai Jendela Polos,"Travelmate Tirai / pelindung Jendela Anti Nyamuk, Lalat dan Serangga",1920673786,1920673786,1,positive
train_3928568508,train_4259998856,Frisian baby tahap 2 .800g,"Frisian baby tahap 1, tahap 2 800 gr",2237713903,2237713903,1,positive
train_161235653,train_1966518095,Etanol 96% (Absolut) Untuk Parfum,Jual Etanol 96% Asli,3860230479,3860230479,1,positive
train_1952234735,train_4206829166,Aromatheraphy Essential Oil 10mL Minyak Diffuser -MD03- Lemontreeid,Aromaterapi Essential Oil Diffuser Pengharum Ruangan Fresh dan Menenangkan - MD-RHJY - Dailylife.id,1729876091,1729876091,1,positive
train_3404369086,train_3553866154,Biji pinus / hiasan dekor cantik,Bunga Pinus Kering Nature Pine Flower Dry For Rustic Decoration,1035410538,1035410538,1,positive
train_1123596933,train_448248655,Pelindung Kabel Spiral 2 Tone Cord Protector TL-196,PELINDUNG KABEL SPIRAL 2 WARNA ONE TONE- CABLE PROTECTOR  GOOD QUALITY,3759333522,3759333522,1,positive
train_1936565820,train_2383436257,(COD) TAS JELLY GLOSSY SIZE 18 CM RANTAI HITAM | TAS SLEMPANG BATAM,Tas Jelly GLOSSY MAXI Uk.18cm,1961883202,1961883202,1,positive
train_1143762595,train_3552551675,Handuk Model Kartun untuk Anak Kecil,Lap Tangan Handuk Gambar Karakter MURAH,3761628510,3761628510,1,positive
train_778073497,train_3345710294,Rak Sabun Kamar Mandi Corner Shower Rotary Shelf Rak Sudut Gantung Putar Serbaguna CS874,Rak kamar mandi putar tempat sabun - Corner shower rotary shelf Rak bumbu gantung serbaguna CS874,3239448117,3239448117,1,positive
train_3528350351,train_2830241701,Al Quran Asy Syifa A4 Tajwid Perkata Latin - Al Fatih,"b""Alqur'an tajwid warna perkata latin Asy-Syifa A4""",1533873951,1533873951,1,positive
train_3998359010,train_3514497576,Whitelab Brightening Face Toner,WHITELAB Brightening Face Toner Niacinamide + Collagen Indonesia / Skin Brightener / White Lab,753465481,753465481,1,positive
train_3844902221,train_4143731129,\xe2\x9d\xa4 RATU \xe2\x9d\xa4 INNISFREE MY REAL SQUEEZE  MASK ( MASKER WAJAH ),[COD] Nature Masker My Real Fruit Vegetable Squeeze Mask innisfree (Masker Wajah),775590704,775590704,1,positive
train_1799985616,train_1431591409,SAMYUNWAN BPOM BY BINASYIFA / PIL PENGGEMUK BADAN,BPOM SAM YUN WAN / SAM YU WAN OBAT GEMUK ORIGINAL,3435742515,3435742515,1,positive
train_3414212813,train_1131083894,FishQua 30 soft kapsul,Fishqua 30 Soft Capsule,2836931576,2836931576,1,positive
train_1010625996,train_1562723480,Rmq9 P68 P70 Smartwatch Anti Air dengan Monitor Detak Jantung untuk Fitness,Smart watch T80  waterproof bracelet watch Fitness tracker Heartrate monitor Women Man smartwatch,3374933356,3374933356,1,positive
train_2107156183,train_3469428858,Madame Gie N-Shell Peel Off Skin Series (Satuan) - MakeUp,Madame Gie Nail Shell Peel Off Skin Series 7ml (satuan/1set series) (100% Original),3279467236,3279467236,1,positive
train_1323305757,train_2785137660,Vitalis Perfumed Body Wash Soft Beauty 100 ml,Vitalis Perfumed Body Wash 100ml,3714532676,3714532676,1,positive
train_3719254836,train_3515045766,(BISA COD) Acnes Oil Control Mask Sachet,Acnes Oil Control Mask / Masker Wajah Pouch 24 ml,434231493,434231493,1,positive
train_4253260589,train_2689605755,OH MA GRAIN OHMAGRAIN ORGANIC POPPED RICE CRACKERS KERIPIK BERAS 50gr,Oh Ma Grain Keripik beras 50gr,787574364,787574364,1,positive
train_1206386464,train_3160715544,KELAMBU TIDUR CANOPY (120x200CM ),"Kelambu Tenda / Kelambu Lipat Kelambu Anti Nyamuk, Kelambu Butterfly Bayi, Anak & Dewasa CUC-141ABC",493495643,493495643,1,positive
train_1683604570,train_3911871182,lucas papaw 25 gr original,lucas papaw 25 gr original,3198647539,3198647539,1,positive
train_564028542,train_2826287235,Jas Hujan Tiger Head Jumbo XXL 68226/Jas hujan Tiger,Tiger Head Jas Hujan Setelan Urban Jumbo - Raincoat Dewasa Jaket Celana Pria Wanita Murah Laris,2722950958,2722950958,1,positive
train_2579952477,train_2398692101,Baterai AA A2 Battery AA A2/AAA A3/ Baterai remote control / batrai mainan,Baterai AA A2 Battery AA A2/AAA A3/ Baterai remote control / batrai mainan/,864052537,864052537,1,positive
train_3069827215,train_957736628,Maspion Dish Dryer & Sterilizer MDD-400,Maspion Dish Dryer MDD-400,2005124407,2005124407,1,positive
train_1215090723,train_1144658748,Cetaphil - Daily Advance Ultra Hydrating Lotion (85 gr),Cetaphil Daily Advance Ultra Hydrating Lotion 85g,1546744882,1546744882,1,positive
train_4128149323,train_3449507551,JAGUNG POPCORN 1kg,Jagung Popcorn KingPop 1 kg,1531804546,1531804546,1,positive
train_2525541038,train_1540799062,ORIGINAL Wardah Lightening Liquid Concealer Wajah 7 Gr,WARDAH Lightening Liquid Foundation 25ml | Concealer Blister Lightening 7gr,4285802156,4285802156,1,positive
train_113092486,train_1120385392,BONEKA LZ Beruang Rompi Jojon XL 60cm,Teddy bear jojon XL (Tinggi 60cm),3559268113,3559268113,1,positive
train_1892676612,train_2054903178,Dress Princes Bahan Scuba Import / Dress Anak umur 2-9 thn / Baju Anak import LOL /,Dress anak Pony / red strip pony / bahan scuba / usia 2thn s/d dewasa / dress anak import,1091239019,1091239019,1,positive
train_1991847666,train_3657639135,blueband master Asli [ 500gr],BLUEBAND MASTER 500gr - BLUE BAND MCM - MASTER CAKE MARGARINE 100% ASLI,1479482005,1479482005,1,positive
train_3628821160,train_722555388,Splitter Converter Adaptor 3.5mm Audio Jack to Headphone and Microphone model U,Audio Splitter Model U Jack 3.5mm to Dual Female U Shape 2in1,2239040770,2239040770,1,positive
train_3537456892,train_3825914537,[xijing-cod] 30Pcs / Set Stiker Tato Sementara Motif Geometri Warna Warni Gaya Korea Trendi,[COD / qipin] 30Pcs Stiker Tato Sementara Motif Bunga Anti Air Gaya Korea,3676422000,3676422000,1,positive
train_266542495,train_4203356403,Saniter Hand Sanitizer Spray 60 ml,Saniter Handsanitizer Spary 60ml,2014211844,2014211844,1,positive
train_1957130737,train_3781160337,Kertas Minyak Linen Alami,GGMART KERTAS MINYAK WAJAH LINEN ISI 50PCS,603126590,603126590,1,positive
train_225044743,train_2000430644,PROMO!!! Jilbab Instan Siria Series 1Slup Crepe High Quality Antem tammia Rempel Depan Praktis kerja,JILBAB KHIMAR AURORA NON PET / HIJAB KHIMAR AURORA / JILBAB KHIMAR INSTAN / KHIMAR SIMPEL NON PET,3513398405,3513398405,1,positive
train_2144152652,train_189856983,Knots Chocolate 55 gr - GIFT,Jack n Jill Milky Knots 55gr pouch,784537567,784537567,1,positive
train_773297527,train_925911672,KINTAKUN 3D SPREI JUMBO EXTRA KING 200X200 T20 MOTIF WINTER MINIMALIS,"Sprei Kintakun D,Luxe Extra King Size New Winter Minimalis Edition Uk. 200x200",406028876,406028876,1,positive
train_808844931,train_1387018466,TOPI ADIDAS BORDIR,TOPI NIKE POLOS-TOPI OLAHRAGA SPORT MURAH,116592215,116592215,1,positive
train_3388307553,train_1595676163,Pengantar Teori EKONOMI,PENGANTAR TEORI EKONOMI BY SUHERMAN ROSIDI,748607984,748607984,1,positive
train_2770358582,train_3351355979,AS3B249 BALON BUBLE GUN GELEMBUNG SABUN DOLHPIN,B3B249 BALON BUBLE GUN GELEMBUNG SABUN DOLHPIN,1909731083,1909731083,1,positive
train_2064561710,train_800781654,Racun Pembasmi Pembunuh Kecoa Miezhangqing Ampuh (Original),[1Kg = 300Pcs]RACUN PEMBASMI KECOA AMPUH (ORIGINAL) MIEZHANGQING,1324212855,1324212855,1,positive
train_3899700010,train_95876045,Buna Overall,AFI - EC - Overall Buna,3233474334,3233474334,1,positive
train_4163793990,train_1560209985,BABY SAFE SLOW COOKER LB007,Baby Safe Slow Cooker LB007 LB008 LB009 FREE PACKING KAYU Alat Masak MPASI,3861383453,3861383453,1,positive
train_1666253824,train_703040513,UNDR023 SIMPLE BRA FASHION WANITA TANPA KAWAT BAHAN HALUS IMPORT 60gr,[IMPOR] FOREVER YOUNG - D2016 BRA Fashion Wanita / BRA Wanita / Bahan Halus / Pakaian Dalam Wanita,3829844563,3829844563,1,positive
train_4171284039,train_2151809732,Alsyahra Exclusive Niqab Yaman Sifon Premium,Niqab Yaman Sifon Premium Alsyahra,1727226116,1727226116,1,positive
train_2441876807,train_1231608509,[SALE 20%] JIMSHONEY ORIGINAL KIMI BAG Jims Honey 3 in 1 Bag and wallet Tali Rantai,Tas Selempang Murah Jims Honey JH Kimi Bag Daily Hangout / Tas Sling Bag Fashion Wanita,3186725147,3186725147,1,positive
train_2391274399,train_1471816503,ULEKAN BUMBU DAPUR STAINLESS,Cobek stainless besar Cs912 Ulekan Tumbukan Bumbu dapur dan Obat,477235197,477235197,1,positive
train_224181919,train_76584784,Dot Ulir Peristaltic L/XL (Reliable),Dot bayi BPA Free size L/baby nipple perilastic,1306578136,1306578136,1,positive
train_552351667,train_2050355015,BRAVE HOODIE \xe2\x80\x9cUNISEX\xe2\x80\x9d(cowo/cewe),Sweater Hoodie Baster Cold Original (SportCombi),3025328168,3025328168,1,positive
train_24102952,train_3762412024,KIPAS ANGIN / CEILING / KIPAS ORBIT FAN COSMOS 16 COCN / 16-COCN / 16COCN [16 INCH],Cosmos Kipas Angin 16-COCN - Orbit Fan,21935057,21935057,1,positive
train_2844388369,train_3921451171,Sades Wings10 Gaming Earphone,Sades Wings 10 Gaming Earphone SA-609 Headset with Mic,3111902365,3111902365,1,positive
train_3740287621,train_3134734392,MADU NA ( Madu Nutrisi Asi ) Ibu Menyusui Original,MADU NA ( Madu Nutrisi Asi ) Ibu Menyusui Original,2125516708,2125516708,1,positive
train_303240625,train_2098070577,Teh Celup Jasmine Tea @25 (Amplop),Teh Jawa Celup Jasmine,3604958214,3604958214,1,positive
train_1651143542,train_2467054940,BERGO POLOS SPORTY CURVA PART 2,Hijab polos sport pendek LINEAR part 1,2294342613,2294342613,1,positive
train_3267188533,train_2253418312,(1kg=5PCS)  ZENI OVERALL JEANS TALI PUNDAK GESPER,(1kg=5PCS)  TATA OVERALL DENIM JEANS TALI PUNDAK TUTU,3369316089,3369316089,1,positive
train_3715780242,train_3144745792,Lucas Papaw Ointment 25gr & 75gr,Lucas Papaw Ointment 25g Net,3872276359,3872276359,1,positive
train_1769008787,train_1770055421,CHOKI CHOKI STICK COKI COKI STIK COKLAT POKEMON,Choki Choki Cashew Pokemon GT,1218474567,1218474567,1,positive
train_486706041,train_739989009,(ADA JUMBO) SET NAURA LAYER CELANA / SETELAN WANITA MUSLIM JUMBO / PAKAIAN WANITA / FASHION MUSLIM,Setelan Naura Layer BESTSELLER !!*Ed,1529728568,1529728568,1,positive
train_36553558,train_589213864,anticrack basic case samsung j2 core pro j3 2016 pro j4 2018 j5 J7 duo 2015 2016 prime pro j6 J8,ANTI CRACK SAMSUNG A10/A20/A30/A50/A10S/A20S/A30S/A50S/M10/M20/M30/M30S/J2 PRIME/J2 PRO/J2 CORE,2377723282,2377723282,1,positive
train_439750233,train_429434686,Tusuk Gigi Dental Floss Benang Tusuk Gigi isi 50pc High Quality Higienis,Tusuk Gigi Dental Floss Benang Tusuk Gigi isi 30pc,1756010453,1756010453,1,positive
train_1604307785,train_3857674512,Kacang Polong Hijau (Mr Snack),Kacang Polong Hijau Super - 100gr,476114844,476114844,1,positive
train_1558454855,train_390431533,Jellys Pure Face Serum,Jellys - Pure Face Serum,494326981,494326981,1,positive
train_3842641744,train_987273195,Atasan Wanita Rajut Halus MARINKA BALLONY OUTHER,OUTHER MARINKA BALLONY,2509953610,2509953610,1,positive
train_565162607,train_2397062906,ARDENLEON Pocket T-Shirt ZU.TSHIRT.01,Ardenleon Kaos Anak Premium Pocket T-Shirt,463773355,463773355,1,positive
train_3424698894,train_583797223,Dispenser Odol dan tempat sikat gigi,Dispenser Odol,402149138,402149138,1,positive
train_280294651,train_4030550476,\xef\xbc\x88COD\xef\xbc\x8910/20/30pcs Face Masker Disposable Earloop 3ply Face Masks Civilian face mask Great for Virus Protection and Personal Health YKMY,Masker Medis Biru 3 Ply Earloop isi 10pcs (Plastik Segel Pabrik),3793015156,3793015156,1,positive
train_167960452,train_698387032,RAK GALON BESI MODEL U + KRAN AIR TERMURAH !! [1000],RAK GALON BESI MODEL U + KRAN AIR TERMURAH !! [1000],4001780519,4001780519,1,positive
train_3994057220,train_386686193,Mainan Pancing Ikan Putar Magnet Isi 12 Pcs Ikan Fishing Game,Fishing Game Mainan Pancing Ikan Putar Magnet Isi 12 Pcs,4241621807,4241621807,1,positive
train_2826169965,train_2992100940,Khadijah Face Mist - Facemist Saffron 100ml - Khadijah Face Mist Saffron,Saffron spray magicwater 100 ml per botol,1238062737,1238062737,1,positive
train_58627456,train_4231654590,Pigeon Baby Liquid Soap 100ml Sabun Mandi Anak Bayi,Pigeon Baby Liquid Soap 100Ml,461576464,461576464,1,positive
train_2816234027,train_3268275313,Tas Selempang YQM-1 YIPINU Pria Bisa Wanita Tas Anti Air Watchkite New Model 2020 HOT PRODUK,Tas Selempang / Slempang Pria Sling Bag Kulit + USB Port + Earphone Hole,4046738105,4046738105,1,positive
train_753533759,train_342686589,KABEL TALI SEPATU 3 METER MICRO USB GG3M / CABLE CHARGER SETRIKA 3M SB,Kabel Data Gepeng model Tali Sepatu 3Meter Micro USB 3m cable charger panjang,639035430,639035430,1,positive
train_383418001,train_3750841713,Jam Tangan LEGO ANAK KARAKTER Baru Superhero Avanger/Jam Murah/Jam Tangan Anak Lucu dan Unik,TGB Jam Tangan Anak Karakter LEGO Jam Tangan Superhero TikTok Import Batam,1495001297,1495001297,1,positive
train_572504980,train_426629623,KONTRAS LCD SAMSUNG J250 / J250F / GALAXY J2 PRO 2018 + TOUCHSCREEN,LCD + TS SAMSUNG J2 PRO / J250 contras Gold,546534487,546534487,1,positive
train_1916239071,train_977927106,Baterai Asus A46CA A46CB A46CM A46C A46 K46CA K46CB K46CM A31-K56OEM,Baterai Original Laptop Asus A46C A46CA A46CB A46CM A46 K46C K46CB K46CM K46 K56 S46C S46CM A41-K56,543626274,543626274,1,positive
train_2208541913,train_4272362128,HC7496 ROREC SHEET MASK / MASKER WAJAH /  ROREC SNAIL MASK,Rorec Natural Skin Care Masker Ori Korea Snail Mask,1900911478,1900911478,1,positive
train_4197408843,train_294526757,( 1KG BISA 4PCS ) Sweater Hoodie Pria Rising Bahan Fleece Tebal Ukuran M-L,CDO TB88.SWEATER HOODIE RISING PRIA/PAKAIAN PRIA/BAJU PRIA/FASHION PRIA TERBARU,3206405987,3206405987,1,positive
train_434574154,train_1024966311,Nuvo Liquid Soap Family Fress Protect 450ml,Sabun Mandi Cair Nuvo Active Clean Pouch - 450 mL,940172493,940172493,1,positive
train_2695709813,train_1439243152,\xe2\x9d\xa4 Harga HEBOH Bosku \xe2\x9d\xa4 LT PRO LONGLASTING MATTE LIP CREAM,LT Pro Long Lasting Matte Lip Cream,1985393774,1985393774,1,positive
train_671649605,train_2384589114,DNM Eyebrow Matic Brush Pensil Alis Sikat,DNM EYEBROW WITH BRUSH. PENSIL ALIS OTOMATIS DNM,324843646,324843646,1,positive
train_800772245,train_4218928145,( BISA COD ) Slap and Chop / Perlengkapan Rumah / Peralatan Masak / Pisau & Gunting Dapur,SLAP AND CHOP / PERLENGKAPAN RUMAH / PERALATAN MASAK / PISAU & GUNTING DAPUR,662541974,662541974,1,positive
train_3428227826,train_327709255,"b""Iria Goat's Milk Whitening Shower Cream 250 ml""","b""Iria Goat's Milk Shower Cream Lavender - 250ml""",3338868957,3338868957,1,positive
train_3572460047,train_1072468195,Koko pakistan gankids,Setelan Koko Anak Gankids 1-4 Tahun,4165106336,4165106336,1,positive
train_2897684820,train_3216669995,Masker kain motif princess,Masker kain motif princess,2533738507,2533738507,1,positive
train_1295285449,train_3838453903,Minyak Goreng JUJUR 450 ml,Jujur Minyak Goreng 450 ml,2098087200,2098087200,1,positive
train_311789458,train_3599974861,NEW STRINGBAG / TAS SERUT [BISA COD],New Tas Stringbag / Tas Serut / Tas LucuH,1652294158,1652294158,1,positive
train_1884573088,train_765732065,WAIST BAG ULTRALIGHT NATUREHIKE NH18B300-B,Tas Pinggang Anti-Air Naturehike DL02 NH18B300-B,2515300246,2515300246,1,positive
train_1179304308,train_521828536,Bergo Maryam karet bahan diamond,BERGO MARYAM,1927840651,1927840651,1,positive
train_1786025156,train_2744987924,Micro SD SAMSUNG 64GB - Memory Card 64 GB - MicroSD SAMSUNG - MMC,Kartu memori samsung 64GB Memory Card Sd 64GB,2128654399,2128654399,1,positive
train_2830326860,train_3340794377,Bestway 51004 kolam renang anak ocean life 152cm / kolam deep dive 3ring pool / kolam anak,Bestway 51004 kolam renang anak ocean life 152cm / kolam deep dive 3ring pool / kolam anak,3153179649,3153179649,1,positive
train_3414398031,train_3950991066,JARUM PENTUL MINI / JARUM HIJAB FASHION PENTUL,Jarum Pentul Mini / Jarum Pentul Hijab,1020205475,1020205475,1,positive
train_1619220014,train_2628007233,Kurma mesir kurma madu ukuran 1kg,Kurma madu mesir ukuran 1kg,2399438803,2399438803,1,positive
train_2582552799,train_3938323603,Kazel Setelan Pendek Swan Edition Untuk (0 - 5 Tahun) CherryBabyKidsShop,Kazel Setelan Pendek Swan Edition\nUntuk (0 - 5 Tahun),3628551655,3628551655,1,positive
train_1478384315,train_245372988,Sepatu Pria Kasual SLip on Adidas UNO Sepatu Murah Suede Slop santai,MURAH BANGET !! Sepatu Pria Casual Adidas Uno Slop Suede Mocasin,2529292569,2529292569,1,positive
train_2767153006,train_3958237951,karpet bulu 100x150x2cm ANTI SLIP,Karpet Bulu 100x150x2cm ALAS POLOS,577897805,577897805,1,positive
train_3033008113,train_2753619758,COD(BAYAR DITEMPAT) Stelan Camo hunting motif Realtree Xtra,Kaos camo perbakin realtree import,75090567,75090567,1,positive
train_3074024323,train_4255342732,Charger Apple 61W USB type C Power Adaptor Iphone Ipad Pro Macbook Original Asli,Apple 61W USB C Power Adapter,3637565297,3637565297,1,positive
train_1293777148,train_970735232,celana sirwal kantor / celana sirwal chino / celana kantor muslim / celana sirwal murah,Celana Sirwal Kantor dan Kerja/ Celana Santai/ Celana Casual/ Celana Katun/,795021525,795021525,1,positive
train_432085135,train_3270365343,(Ongkir 1Kg) Paket Kolam Intex + 50 Bola Mandi + Pompa Injek + Bola krincing kecil Tidak Bergaransi,Paket Kolam Mandi Bola Anak Kualitas SNI dan Kolam Intex,581895357,581895357,1,positive
train_2456589775,train_2681444479,TGM Kuas Roti Barbeque silikon food brush silicone cake mentega,Kuas Mentega Silikon Roti Cake Mentega Food Brush,4292520070,4292520070,1,positive
train_1099864690,train_2224851811,Celana Panjang Jeans Denim Casual Lembut Bayi Laki-laki untuk Musim Panas,Celana Jeans Elbow 1 - 5 Tahun MAXKENZO Zilvia Store Celana Anak BerKualitas,1719310608,1719310608,1,positive
train_2086712891,train_4008906760,Baby Safe Soft Spout Training Cup / Babysafe Training Cup / Sippy Cup,Botol minum baby safe training cup spout silicone gelas minum Baby safe training cup soft spout,4028730454,4028730454,1,positive
train_2438776575,train_1388735077,12.12 SUPER PROMO !! Tas Selempang Wanita Serat FUNNY,PROMO TAHUN BARU!!! Tas Selempang Wanita FUNNY,1036559319,1036559319,1,positive
train_1166355421,train_3515837310,LED JALU LAMPU STANG MOTOR LAMPU HANDLE 2 MODE SEN MOTOR SUPER BRIGHT,Jalu Stang lampu motor / jalu stang motor led / Bandul Stang Motor LED DRL 2 in 1 plus sein,2799192943,2799192943,1,positive
train_3344601482,train_906697578,Viva Special Day Cream,Sunscreen Cream Foundation Viva,551717553,551717553,1,positive
train_2081013235,train_4205476368,KAOS FULLPRINT ANAK FULLPRINT PANTAI / KAOS DISTRO CLOTHING ANAK / KAOS PRINTED ANAK,KAOS ANAK FULLPRINT MOTIF KARTUN UNISEX LUCU / BAJU KAOS ANAK,1971320482,1971320482,1,positive
train_1551917833,train_474731571,Gamepad Bluetooth Controller for Android Terios T3 With Holder,X3 Gamepad Joystick Bluetooth Plus Holder HP - X3 Wireless Controller,2952560259,2952560259,1,positive
train_1853142092,train_2015658422,Nigellive Minyak Habbatusauda isi 100 Kapsul,Nigellive isi 100 - Nigella Sativa Olive Oil Minyak Zaitun,2291561916,2291561916,1,positive
train_2915446183,train_1064230135,GAMIS CHERYLL //GAMIS WOLFIS PREMIUM,gamis murah cod BEST SELLER yasmin syari,1240826113,1240826113,1,positive
train_1866828103,train_3681333117,Avoskin PHTE 30ml (Perfect Hydrating Treatment Essence),AVOSKIN PHTE - PERFECT HYDRATING TREATMENT ESSENCE 30ml - vitamin c rosehip cerah dan glowing,3484362115,3484362115,1,positive
train_481451172,train_3175646088,Teether dan rattle genggam bayi bahan silikon aman / teether rattle mainan edukasi bayi shaking bell,TEETHER (gigitan bayi) dgn KERINCING BARANG IMPORT BERLIN (TANPA MIKA)/ RAJAMARKET,2415538143,2415538143,1,positive
train_1947590828,train_662343654,LUISA MAXI DRESS // GAMIS GISELLA SET,LUISA HOMEY DRESS,4224194904,4224194904,1,positive
train_2332554765,train_1666219752,KARET RAMBUT KPOP BTS BT21,KARET IKAT RAMBUT KPOP BTS BT21,68384080,68384080,1,positive
train_3803689425,train_2288590299,Maling Ham Pork Luncheon Meat TTS 397gr,Maling TTS Canned Pork Luncheon Meat 397 gr,2395904891,2395904891,1,positive
train_2555253113,train_1814893817,"Aruchi Setelan Pendek Kancing Pundak Size S, M, L, XL dan XXL (36c3) Motif Mix",Aruchi Setelan Pendek Piyama Bayi S M L Part 2,819592998,819592998,1,positive
train_1547836068,train_3731492020,CELANA CHINOS HITAM SUPER MURAH PREMIUM ~ SKINNY&REGULER ~ SIZE 27-38,Celana Chino Hitam Trust Denim Cult Black  Original,1048422651,1048422651,1,positive
train_3245621520,train_2452915579,long dress JUMBO wanita CERIA CERIA,Dress ceria (bisa cod) UKURAN BIG JUMBO XL,908369982,908369982,1,positive
train_3700206806,train_574602672,"wallpaper dinding batik shaby cream polkadot hijau, biru, ungu elegant walpaper 45cm x 10m",WALLPAPER DINDING Wallsticker Walpaper 45 cm x 10 M TEMA PINK SALUR GARIS BATIK VINTAGE BINTANG,849129394,849129394,1,positive
train_1920270066,train_2174579466,[saus bibimbap] Gochujang Halal 400 gram Brand by Kimchi oppaya,Saus Gochujang Bibimbab 400gr Korea Halal Enak Brand By Kimchi Oppaya,1223417949,1223417949,1,positive
train_961279865,train_1605045153,Zebra Kokoro Sweet Gel Pen Pulpen 0.5mm Black Murah Berkualitas,Pulpen gel KOKORO Sweet 0.5 by Zebra Pen tinta hitam,2186152107,2186152107,1,positive
train_2535115169,train_1367125110,Tapon Anti Sumbat,Anti Sumbat TAPON Mengatasi Wc Mampet dengan Cepat dan saluran lainnya,2265703450,2265703450,1,positive
train_1643520212,train_2514556108,Tenda O1 500m 2.4GHz 8dBi Wireless Outdoor Point to Point CPE,TENDA O1 router outdoor,1699645771,1699645771,1,positive
train_1039354119,train_3071236348,( TERMURAH)Nu Amoorea pasta cleanser 30 grm ORIGINAL,NU AMOOREA PASTA CLEANSER,2754451864,2754451864,1,positive
train_313711458,train_4223515304,OPPO F11 Candy Case Soft Silicone Plain Color Case Covers,OPPO A9 2020 A5 Reno 2Z 2F Ace Realme 5 Pro X2 Case Liquid Soft Silicone Cover Original Casing,1646418874,1646418874,1,positive
train_1285822681,train_4058240345,Topi Baseball snapback golf ediko warna Beige Biru navy,EDIKO Topi Baseball Golf Logo Ediko Sport Fashion,2117270140,2117270140,1,positive
train_2311763337,train_4210488181,Lap Microfiber Cleamaid 40x40 Kain Lap Serbaguna Super Absorbent,KAIN LAP MICROFIBER 40x40 320gsm BEST EXPORT QUALITY,4026050395,4026050395,1,positive
train_917829297,train_3973276262,Lsf - Ec - Jumpsuit Esther / Esther Jumpsuit,AFI - EC - Jumsuit Esther \xc2\xae,3890135100,3890135100,1,positive
train_766755178,train_2778999035,ABC SAOS SAMBAL EXTRA PEDAS POUCH 380gram,ABC Sambal Extra Pedas 380 gr,2025865799,2025865799,1,positive
train_445202416,train_2481095925,Sekai FCU-1035 Desk Fan Kipas Angin Meja - 10 inch,Sekai Kipas Angin Meja FCU 1035 - 10 inch,408060723,408060723,1,positive
train_1038247831,train_815631944,"[ TERLARIS & TERPERCAYA ] SUPER GOAT SUSU KAMBING ETAWA BUBUK GULA AREN, Supergoat Pengganti Asi","[ KEMASAN SACHET EKONOMIS ] SUPER GOAT SUSU KAMBING ETAWA BUBUK GULA AREN, Supergoat Pengganti Asi",738311448,738311448,1,positive
train_2214962973,train_165587202,CREAM HN ORIGINAL 4IN1 15GRAM,CREAM HN 15 GRAM ORIGINAL DAN TERPERCAYA,2221409971,2221409971,1,positive
train_4224765741,train_2110230474,Mamy Poko tissue basah buy 1 get 1,Mamypoko Baby Wipes Fragrance Perfumed Non Fragrance isi 52 sheet Tissue Basah Tisu Bayi,357412423,357412423,1,positive
train_2072099738,train_2023365162,Pigeon Botol PP Clear StreamLine 250mL,PIGEON Botol PP Clear Streamline 250Ml | Botol Susu Bayi,30966706,30966706,1,positive
train_48476009,train_904305218,HOME007 Set Love Wooden Clip Jepitan Kayu Bentuk Love Free Tali,OSM - H266 Wooden Clip Set Love / Jepitan Kayu Bentuk Love Ukuran 3.5cm x 0.7cm / Free Tali 2 Meter,2673724338,2673724338,1,positive
train_2972519639,train_2594944462,PGBB | Promo Flash Sale | Mecca Syari | Pakaian Muslim Wanita Terbaru | Gamis Termurah | Sanitizer,[ Promo Flash Sale ] Mecca Syari S M L XL | Fashion Muslim Gamis Syari Terbaru | Bahan Moscrepe HQ,1019858566,1019858566,1,positive
train_993659034,train_1815564834,Pokana Pants Surprise Design Jumbo Pack M32 / L28 /XL24,Pokana Pants Jumbo Pack M32 / L28 / XL24,2105629721,2105629721,1,positive
train_3279652067,train_138861103,KRAN ANGSA PVC . Kran angsa cuci piring plastik PVC . Kran Dapur BIRU,INDOKERAN - Kran Angsa Dapur Cuci Piring FTA - 1/2 Inch - High Quality,1277960734,1277960734,1,positive
train_1119881771,train_2365309470,"Dompet BL-7 New 169,900 COD",Dompet BL-7,3504498104,3504498104,1,positive
train_3518497376,train_2989334925,La Tulipe Essential Whitening Serum,La Tulipe Essential Whitening Serum,3411919975,3411919975,1,positive
train_1523684494,train_4205426924,(COD)KEMEJA PRIA CASUAL TC-MAIKEL 5 UKURAN M-L-XL-JUMBO-3XL/HEM PRIA,Kemeja Pria MAIKEL Size : M L Xl XXL & XXXL,77254707,77254707,1,positive
train_2167297039,train_1260851617,MORYMONY DOMPET TASEL - Dompet Lipat Mini,"[BISA_COD]_M45_Dompet Kult Lipat HAPPY, Dompet Murah, Dompet Bandung, Dompet Wanita Terbaru 2020",599940616,599940616,1,positive
train_2822959583,train_2299415089,Madu Uray - Raw Honey 450 gr (330 ml) - Madu Murni Sehat - Madu Hutan - Madu Asli - Jagapati,Madu Uray - Raw Honey 450 gr (330 ml) - Madu Murni Sehat - Madu Hutan - Madu Asli - Jagapati,1167537954,1167537954,1,positive
train_2859158886,train_1155118371,Papa Kua Chap Tom Yum Spicy 50gr,Makanan Import Thailand- PAPA Kua Chap Thai Tom Yum,289543660,289543660,1,positive
train_518815888,train_2107235762,(PROMO 50%!!!) YOU THE SIMPLICITY LOVE YOU TINT,The Simplicity Love You Tint by You Makeups,2949724494,2949724494,1,positive
train_3376731083,train_4088960510,TERLARIS SEINDONESIA TEH BAJAKAH PREMIUM KALIMANTAN (100% HERBAL) BERSERTIFIKAT,TEH BAJAKAH ASLI KALIMANTAN KUALITAS PREMIUM,1158312772,1158312772,1,positive
train_3509038782,train_3640596204,11Pcs / Set Resistance Band Karet Latex Elastis untuk Fitness,\xe3\x80\x90Ready\xe3\x80\x9111pcs/set Resistance Band Elastis Untuk Latihan Fitness/Gym/Terapi Fisik,3425407260,3425407260,1,positive
train_1643485252,train_64918479,100 Pcs Ikat Rambut Karet Polos Elastis Gaya Korea untuk Wanita,100 Pcs Ikat Rambut Karet Polos Elastis Gaya Korea untuk Wanita,994676122,994676122,1,positive
train_1080156460,train_791216372,MAKE OVER RICHE GLOW FACE HIGHLIGHTER,Make Over Riche Glow Face Highlighter,338620322,338620322,1,positive
train_2410183091,train_2529718493,B33F My Food Shop Shopping Trolley - ST. 003 troli mainan edukasi anak keranjang belanja,NEW MAINAN ANAK SHOPPING TROLLEY / TROLLY SUPER MARKET /MAINAN DORONGAN/MAINAN TROLY/SHOOPING CART,2464977091,2464977091,1,positive
train_1250572608,train_2593016319,GAMING PSU IMPERION 500W POWER SUPPLY UNIT GAMING 500 WATT 4 PIN VGA,Imperion Gaming Power Supply PSU 500W,2917031402,2917031402,1,positive
train_924715134,train_334306955,Jawara Saus Sambal Hot 120 ml,Jawara Saus Sambal Hot 120 ml,325005542,325005542,1,positive
train_4180954652,train_2272350134,Bolde Hand Mixer Super Mix Turbo Hand Mixer 5 Speed Body Stainless Steel Superm,Bolde Mixer Super Mix Turbo,2867442808,2867442808,1,positive
train_540806590,train_498113865,MANGKOK KACA SET / GLASS BOWL SET ISI 5 / MANGKUK,Mangko Kaca Beranak / 5pcs Glass Bowl set,1692766124,1692766124,1,positive
train_1027065437,train_2162527931,2 Buah Jalu As Roda CNC Model Bulat Universal Size Besar,"Jalu As Roda 2biji Nmax, Vario 125/150, Beat, Mio, Xeon, Soul Gt, Mio J/Tutup As Satu Set 2 Biji CNC",2013028328,2013028328,1,positive
train_2585056633,train_3067541613,PREMIUM MINI KHIMAR by daffahijab,Mini Khimar 3 layer cerutty,814079080,814079080,1,positive
train_4037173080,train_1238914099,HELM BOGO(HARGA GROSIR) DEWASA MOTIF HRGA SUDAH FREE KACA CEMBUNG .SNI  NYAMAN DI PAKEK.KIRIM CEPAT,PART 2 HELM BOGO RETRO KLASIK COD  SUDAH TERMASUK KACA BOBO,2831478808,2831478808,1,positive
train_3298246410,train_3041150821,Serum whaitening hanasui BPOM,VIVA BODY MASK WITH MILK - MASKER TUBUH SUSU 500GR,1216871853,1216871853,1,positive
train_552702057,train_1417599184,Baju Koko Pria Gus Azmi Syubbanul Muslimin Kombinasi Hadroh Azzahir Hilw HO187 KEMEJA KOKO PRIA BAJU,"Stellashoppie, Koko Finno, baju muslim pria terbaru",1912222471,1912222471,1,positive
train_550939918,train_2102567199,Gorden jendela kupu kupu minimalis ikat tengah,gorden jendela ikat minimalis,1288220216,1288220216,1,positive
train_574952557,train_3679990933,HDMI to AV RCA Converter Adapter,HDMI TO RCA CONVERTER ADAPTER MINI BOX HDMI TO AV RCA HDMI2AV HDMI KE TV TABUNG / ALAT HP KE TV,1417388897,1417388897,1,positive
train_2376929390,train_921378200,Kain maxmara ORI/kain maxmara polos,KAIN MAXMARA POLOS - HARGA PERSETENGAH METER,3287710592,3287710592,1,positive
train_1492916855,train_3301031972,Parfum Wanita Gucci Gorgeous Gardenia 100 ml,Parfum Wanita Gucci Gorgeous Gardenia 100 ml,200472052,200472052,1,positive
train_1648274367,train_2740351961,(Kiddiwear) piyama Set Premium1-5 tahun Baju Atsan Lengan Panjang +Celana untuk Bayi Laki-Perempuan,Piyama Setelan New Born 1 2 Tahun Set Baju Bayi Lengan Panjang Cewek Laki Perempuan anak Gift Murah,1440484730,1440484730,1,positive
train_3404645240,train_436655715,WALLPAPER 3D BRICK FOAM BATA PUTIH,Wallpaper 3D FOAM BRICK BATA PUTIH,2662875186,2662875186,1,positive
train_3301291453,train_654077291,Parutan sayur buah serbaguna,Parutan Serbaguna Multifungsi Putih 4 in 1/ Alat Pemotong Buah & Sayur,3283528029,3283528029,1,positive
train_536768093,train_1872689170,ElsheSkin Glowing Facial Peeling,GLOWING FACIAL PEELING ELSHESKIN,1999623060,1999623060,1,positive
train_949462386,train_411452928,Kaos anak perempuan lengan panjang hijab 3-10 tahun,Atasan anak cewe Lol Lengan Panjang 2-12Thn,1256514488,1256514488,1,positive
train_2759413452,train_2267551410,KLAIRS Supple Preparation Facial Toner 180ml,Klairs supple preparation facial toner 180ml,856345484,856345484,1,positive
train_1220427122,train_113909633,Kentang Goreng Mydibel 1 kg,kentang goreng BELGIA mydibel isi 1 kg RECOMMENDED,3049396539,3049396539,1,positive
train_1949149611,train_153554712,PANTENE Hair Fall Anti Ketombe / Rambut Rontok / Total Damage - 900 ml,Pantene Shampo Hair Fall Control / Anti Dandruff 900 ml  ( Rambut Rontok & Anti Ketombe ),317365383,317365383,1,positive
train_4228874881,train_766223261,MIAO Tripod Mini Yunteng YT-228,Eyota ID Tripod Mini Yunteng YT-228,3744205434,3744205434,1,positive
train_4158238510,train_3989533747,(PROMO) LEARNING EASEL 3in1,LEARNING EASEL / PAPAN TULIS 3 IN 1 TL-98,1790481393,1790481393,1,positive
train_2755004953,train_2159393534,FREE ONGKIR NET VOLI / NET VOLLY / NET VOLLEY GTO MURAH,NET VOLI/VOLLY/VOLLEY GTO TAS MURAH,1622796134,1622796134,1,positive
train_439295211,train_2287615619,Lem kuku botol 10 gr kuas nail glue,Lem Kuku Botol kuas 10gr,3657310108,3657310108,1,positive
train_2855863123,train_2554534074,CREAM CORDY + SABUN CORDY+SERUM bening YCM ORIGINAL(SET LENGKAP CORDY)(cordyceps) EMBOSS,CREAM CORDY + SABUN CORDY+SERUM BENING YCM ORIGINAL(SET LENGKAP CORDY),2804259900,2804259900,1,positive
train_374770589,train_1945506751,RICISE - Lampu Tumblr 50 Led 8 Meter Lampu Hias Dekorasi Lampu Natal Led Tumblr Light Ricelamp,RICISESTORE | LAMPU TUMBLR LED HIAS 8 METER / LAMPU DEKORASI NATAL TWINKLE LIGHT MURAH / TUMBLR8M,2436924739,2436924739,1,positive
train_2988863042,train_1769283879,Roma Wafer Choco Blast  kaleng 336g,Roma wafer kaleng 337g,1839153978,1839153978,1,positive
train_802609288,train_3810452166,gorden smokring embos,Gorden Smokering Ring 12,1795593812,1795593812,1,positive
train_2071245538,train_3519672885,BERGO LENGAN AZIZAH / BERGO SYARI PAD BUSA ANTEM BERLENGAN BAHAN JERSEY ZOYA,(Promo) Bergo Lengan Azizah,191738074,191738074,1,positive
train_1978248604,train_3391402886,Dispenser Sabun Spon Kain Sabut Gosok Praktis,Dispenser Sabun Cuci Piring 2 IN 1 / tempat sabun cuci piring FREE SPONS,1562653554,1562653554,1,positive
train_33373513,train_1947048683,KHIMAR FATIMAH JUMBO,KHIMAR FATIMAH JUMBO,3172257152,3172257152,1,positive
train_46458775,train_832449648,Pdro Acryllic embellished croc shoulder bag,Pdro Croco Bullet Shoulder Bag,2634819658,2634819658,1,positive
train_2662652634,train_3316876884,Pomade Oh Man Nutri Blue Divine Waterbased Pomade Water Based Free Sisir,Oh Man Nutri Blue Waterbased Pomade Free Sisir Saku,2239767147,2239767147,1,positive
train_687890327,train_2314272522,Enchanteur Perfumed Shower Gel Charming 200ml,Enchanteur Charming Shower Gel 200 ml,556780176,556780176,1,positive
train_1952293796,train_1880292915,BROCO B101 Inbow Doos,Broco B101-53 Inbow Doos Persegi,2241813300,2241813300,1,positive
train_1257882722,train_2115752379,IMPORT HIGH QUALITY Topi Rajut 2 Pom 0-2 Tahun / Topi Kupluk Wool Anak cherrybabykidsshop 12 LC,TOPI RAJUT TEBAL MODEL POM BULU ANAK / TOPI KUPLUK WOOL RAJUT HANGAT BAYI IMPORT BABY,2814263493,2814263493,1,positive
train_3949867017,train_544350031,DAISHA DRESS / VEE DRESS FREE BELT / GAMIS MUSLIM / DRESS MUSLIM MODERN TERBARU,VEE DRESS GAMIS WOLFIS,4060702395,4060702395,1,positive
train_2705848134,train_369722063,Bio Hair 123 Biohair 123 Tonik Perawatan Rambut Ramuan Tradisional - 210 ml,FREE ONGKIR- Bio Hair 123 Biohair 123 Tonik Perawatan Rambut Ramuan Tradisional - 210 ml,3177197131,3177197131,1,positive
train_239032119,train_4058839268,**PROMO Masker Murah ** disposable Masker 3 ply Tri J,**PROMO Masker**  * disposable Masker 3 ply,2656100473,2656100473,1,positive
train_1320825819,train_2314426459,ORIGINAL Madame Gie Total Cover BB Cushion BPOM / FULL & REFILL / ALORA,[BPOM] Madame Gie Total Cover BB Cushion / FULL & REFILL /  Bedak Madame Gie / MY MOM,219568860,219568860,1,positive
train_3110985969,train_224721717,HOKI - Vaseline Lip Therapy USA Pocket Size 7g - 0.25oz - Rosy Lips Pink/ 1Pcs,Vaseline lip therapy USA 7g - 0.25oz - Rosy Lips Original Cocoa Butter Creme Brulee Advanced 10grZ,907598686,907598686,1,positive
train_731855263,train_4195191984,Microphone Bluetooth V2.1 dengan Clip On Bahan Plastik Warna Hitam,PstnormallPortable External 3.5mm Hands-Free Wired Lapel Clip Microphone for Loudspeaker,2099675641,2099675641,1,positive
train_2792578181,train_384376997,EMPENG BAYI BUAH/ DOT KARET UNTUK BUAH / FOOD FEEDER (COD),[ACQ] Empeng Buah Bayi / Facifier Fruit Food Feeder Termurah,1432324178,1432324178,1,positive
train_3907506006,train_879305420,[ BISA COD ] Sleveless Long Dress / Yoona Dress Plisket Tanpa Lengan,Plisket / overall plisket /long dress plisket /yukensi plisket,2126654012,2126654012,1,positive
train_2303383313,train_4029639435,DVD-R Maxell / DVDR Blank Maxell / DVD R Maxell isi 50,DVD-R Maxell / DVDR Blank Maxell / DVD R Maxell isi 50 pcs,313455032,313455032,1,positive
train_561770718,train_2145631894,Supersol Carbol Lemon Pouch 450mL,Supersol Carbol Lemon Pouch 450ml,858330342,858330342,1,positive
train_2315648915,train_1088802171,KNOW YOUR POWER - Katun Combed 30s Premium / Tumblr tee / T-Shirt / Kaos Cewek / Kaos Wanita / YOU,Tumblr Tee Know Ur Power | Kaos Wanita Lengan Pendek dan lengan panjang allsize Baju Bershka,3458416220,3458416220,1,positive
train_4183032577,train_2845661916,"Wardah EyeXpert Eye Shadow Nude Passionate, 3.3 gr",Wardah Eye Shadow,2775619691,2775619691,1,positive
train_3748628720,train_1430427240,Pompa kolam YAMANO ACT 9000,Pompa Air Kolam Hidroponik Aquarium Yamano ACT 9000 Low Watt,2511485443,2511485443,1,positive
train_2812344005,train_1597930504,MAANGE 1Pcs Pouch Organizer Brush Bag,maange makeup brush storge bag Kecantikan  Alat Kecantikan,3472313640,3472313640,1,positive
train_3291615198,train_665119799,"Sediment Filter/ Spun/ Cartridge Filter 10"" - Watertech 03 Micron","Cartridge Filter Air / Sediment / Spun / Water Filter 10"" - Watertech",4077708975,4077708975,1,positive
train_2678280505,train_2757825943,"b""L'Oreal Paris Excellence Creme Hair Color - 3 Natural Dark Brown (Cat / Pewarna Rambut Permanen)""",Loreal Paris Excellence Creme Pewarna Cat Rambut no #3 dark brown coklat,909297489,909297489,1,positive
train_3065398687,train_4248402910,Sumpit Anak Belajar Makan // Sumpit Karakter,Sumpit Anak Belajar Makan // Sumpit Karakter,3073207032,3073207032,1,positive
train_2593498699,train_1587505869,Travelmate  [New Produk] BETTER BEATER / PENGADUK TELUR / PENGOCOK TELUR bkn snap n grip 1SET GET 2,"Better Beater As Seen TV ( In Set Dpt 1 Kecil & 1 Besar ) Pengocok Jamu,Aneka Minuman Atau Adonan Ha",1531435805,1531435805,1,positive
train_941338356,train_4061800201,REALME C15 4/128 GARANSI RESMI,"[Extra Disc : REAL50KK] realme C15 4/128GB [6000mAh, 18W Quick Charge, Ultra-Wide Quad Camera]",2054907384,2054907384,1,positive
train_1630742171,train_2261508730,FEVES COLOR CREAM 60ML / BPOM,Feves color cream / cat rambut 60 ml,359356063,359356063,1,positive
train_3176717508,train_1723240331,BEBE SMART SING ALONG WALKER + MICROPHONE 6M+ SNI Red / Blue / White / Pink - Activity,Bebe Smart Sing Along Walker - Blue,3469555119,3469555119,1,positive
train_2893650724,train_179294358,Earphone 4 Units Heavy Bass HiFi  In-Ear Dual Driver Bass Sport,KC Eor BLASWJHH Dual Driver 4 Unit Earphone In-ear Heavy Bass HiFi dengan Kabel,18580956,18580956,1,positive
train_2258675371,train_2954345109,Eyota ID VOOC Fast Charging Charger Oppo F1s F1 Plus F3 F3 Plus Neo 5 7 9 10 Joy Original 4A,MIAO VOOC Fast Charging Charger Oppo F1s F1 Plus F3 F3 Plus Neo 5 7 9 10 Joy Original 4A,4141546375,4141546375,1,positive
train_2892231661,train_261722856,Catok Techno Korea/medanbeautycare KODE 9299,CATOKAN/BABYLISS TECHNO 2IN1 ORI,1597631831,1597631831,1,positive
train_946078211,train_491626969,CUTBRAY SCUBA,Cutbray Scuba / Scuba Pant,2915469906,2915469906,1,positive
train_395850057,train_2754001609,FRISIAN FLAG JELAJAH 123/456 KARYA MADU/ VANILA 800gr,FRISIAN FLAG 123 Madu,3436962720,3436962720,1,positive
train_1292410305,train_1653442992,"b""Kentang Goreng Premium Shoestring Import 1 Kg Bart 's  Halal Lezat""","b""Bart's shoestring kentang 1kg""",561870841,561870841,1,positive
train_1855104293,train_1131314333,[BATERAI] Lampu KAWAT LED WATERPROOF Tumblr Hias/Lampu Dekorasi LED Kawat Cooper Baterai Fairy Light,Lampu KAWAT FAIRY Light 1 / 2 / 5 / 10 Meter LED BATERAI WATERPROOF Tumblr Hias Dekorasi,2649254798,2649254798,1,positive
train_304237174,train_779586036,MORINGA SHOWER GEL 250ML THE BODY SHOP,The Body Shop Moringa Shower Gel 250ml,2514535472,2514535472,1,positive
train_3168875415,train_1166853209,Softlens Kitty Kawaii Mini Cemore - dupe i-dol desire,ORIGINAL Softlens Kitty Kawaii Mini Cemore brown grey gray blue Minus Dupe Idol Idollens Desire,972704919,972704919,1,positive
train_1435258926,train_789885897,OKHISHOP - Piyama set baju tidur anak cewek dan cowok ada size bahan kaos combad,(1 KG MUAT 7 STEL) BAJU TIDUR ANAK KIDS PEREMPUAN/CEWEK PIYAMA PP PAJAMAS BAHAN KAOS KATUN,2402231079,2402231079,1,positive
train_3389153976,train_883854478,PUPUK Buah Dan BUnga MAGNESIUM SULFATE PAK TANI 1 KG,PUPUK MAGNESIUM SULFAT ISI 1KG ATAU DISEBUT JUGA GARAM INGGRIS PKK439,4042979732,4042979732,1,positive
train_1766263863,train_4143292290,Bra Extention Kaitan Sambungan Pengait Save a Bra,[IMPORT] - Pengait Bra Extension Penyambung tali Bra Save Kode B010,2473560585,2473560585,1,positive
train_1054695312,train_3737888301,sabun RODEOS MEN CHARCOAL SOAP,Rodeos Soap Charcoal / Sabun Muka Pembersih Wajah / Sabun Wajah Pria,3250536347,3250536347,1,positive
train_251271793,train_2254253431,Kain penutup mulut size MEDIUM,Cadeau ADULT MEDIUM Earloop Face Mask / Masker Kain DEWASA (Non Medis) Princess & Friends,2614193632,2614193632,1,positive
train_4162065845,train_3528069780,FLARE SKIRT (NEW FREXA),FLARE SKIRT,3197346856,3197346856,1,positive
train_4202553113,train_981486171,Kelorcap Momuung mom uung Booster Asi Pelancar ASI Kemasan Baru Halal BPOM,BPOM HALAL KELORCAP MOM UUNG / ASI BOOSTER / DAUN KELOR / EXTRACT IKAN GABUS / 60,2368191821,2368191821,1,positive
train_3529048992,train_1484876308,Purbasari Lipstick Matte,PURBASARI Color Matte Lipstick,994086350,994086350,1,positive
train_1499728024,train_3116122701,Colatta glaze 1kg topping donat,Colatta glaze donat 1 kg Pail,1550322799,1550322799,1,positive
train_890228756,train_3985659020,BOX KANCING UNTUK JAM TANGAN,BOX JAM TANGAN KANCING,3349926520,3349926520,1,positive
train_866434091,train_71742324,Co live streaming 1 kg,Link Dress Live Streaming 1kg,3026223342,3026223342,1,positive
train_1880630623,train_3776251992,Silky Girl Natural Brow Pencil,Brow Pen by Sandrella Beauty With You,1388069150,1388069150,1,positive
train_1691965587,train_1110311582,ho PASSWORD LANDAK Setelan Anak 1 - 7 Tahun Baju Anak BerKualitas,hb GG2 PASSWORD LANDAK Setelan Anak 1 - 7 Tahun Baju Anak BerKualitas,2404950038,2404950038,1,positive
train_1493361001,train_3945814165,BENIH / BIBIT PARSLEY F019 (REPACK KYS),BENIH PARSLEY  - BIBIT PARSLEY - BENIH PARSLEY ZAYOSEED,3229372718,3229372718,1,positive
train_3081960149,train_2420045151,[OS821] POUCH KOSMETIK BUNNY POM POMPOM / POUCH KOSMETIK MINI / TAS KOSMETIK KECIL / POUCH KOSMETIK,TU88 Pouch Kosmetik Bunny POMPOM Bahan Bulu Travel Pouch Cosmetic Organizer Kelinci - PBN,4262657,4262657,1,positive
train_1192347106,train_2930623211,Rak Sudut Siku 3 Susun Dinding Pojok Kamar Mandi Toilet Stainless Steel Multifungsi Tempat Sabun,Rak sudut kamar mandi segitiga 3susun kode HB281,2426743375,2426743375,1,positive
train_4022342710,train_4069724528,i9S TWS Headset Bluetooth 5.0 True Wireless Bluetooth Earphones i7S i8S i8X i9S i10 i11 i12 i18,i9S TWS Headset Bluetooth 5.0 True Wireless Bluetooth Earphones i7S i8S i8X i9S i10 i11 i12 i18,2304381527,2304381527,1,positive
train_1689707531,train_760017911,Celana joger chinos premium,Celana chinos cargo premium,1696239270,1696239270,1,positive
train_3804703799,train_3892457877,Cedea Crab Stick 250gram,Cedea crab stick  250 gram,3427955335,3427955335,1,positive
train_2314289390,train_3781008737,Unsalted Butter MPASI Elle & Vire,PAKET MPASI UB Elle Vire Unsalted Butter Elle Belcube Kiri Babybel,2577112777,2577112777,1,positive
train_2385995944,train_2732784934,RONDEM >> Mini Adjustable Mobile Phone / Ponsel / Tablet PC Stand / Smartphone Holder MOTIF CARBON,MULTI STAND PHONE HOLDER HP TABLET DUDUKAN HANDPHONE MEJA KERJA KANTOR GAMING ANTI PANAS,3694216813,3694216813,1,positive
train_4083715182,train_95855497,Celana Joger Adidas Grade Ori / Celana Training Jogger,Celana Jogger Branded Grade Ori / Celana Training Import / Celana Joger Premium,3504357923,3504357923,1,positive
train_3789934379,train_1726482070,ORIGINAL Krim Siang Malam Temulawak Day and Night Cream Sepasang 50 Gr,CREAM TEMULAWAK SIANG MALAM SUPER EMBOS ORIGINAL MALAYSIA,3508490983,3508490983,1,positive
train_823370135,train_3791076702,SHAMPOO FOLLOW ME GREEN TEA 650ML/SHAMPO FOLOLLOW ME GREENTEA 650 / CONDITIONER FOLLOWME,Follow Me Green Tea Shampoo 6 in 1 - 650ml,1726654973,1726654973,1,positive
train_2843835301,train_3103365199,Timbangan Duduk/Timbangan Manual/Timbangan Buah Crown 20 Kg,Crown Timbangan Buah Serba guna 5 10 15 20 kg,4075599444,4075599444,1,positive
train_1121625106,train_4018956072,Parfum Wanita YSL Mon Paris 100ml,promo parfum wanita 100ml original\nSingapore,3762441003,3762441003,1,positive
train_2269949351,train_3770580910,\xe2\x9b\xa9\xef\xb8\x8f\xf0\x9f\x87\xaf\xf0\x9f\x87\xb5 Alat Cuci Motor Mobil AC Doorsmer 250psi mini Portable Rain&Dew Kualitas No. 1 \xf0\x9f\x87\xae\xf0\x9f\x87\xa9\xe2\x9c\x94 10A,Best Seller Alat Mesin Cuci Motor steam 160PSI Berkualitas no.1 10Ampere,1351885376,1351885376,1,positive
train_1696208176,train_1536582395,I&M Rules Original Cargo panjang pria celana panjang gunung celana cargo warna coklat 11245,I&M RULES ORIGINAL Art 01 Cargo Panjang Pria celana panjang cargo celana gunung cargo Coklat mocca,682998126,682998126,1,positive
train_1063291191,train_4059071300,SEPATU SNEAKERS WANITA JINTU MGR 04,RK - Sepatu Sneakers Sport Korea 2020 ( JINTU ),2284020704,2284020704,1,positive
train_188661866,train_184994396,Bintang Foil 20cm,[Ecer] Bintang 20cm / Star Foil 20cm,4106103946,4106103946,1,positive
train_2558882839,train_3100676375,Nivea Extra White Body Serum Care and Protect 180 ml / 180ml,NIVEA Extra White Body Serum Care And Protect 180ml ORI BPOM BY Lynette,2683357169,2683357169,1,positive
train_3096718857,train_1350158381,minyak goreng kemasan Siptop 1000 ml pouch,minyak goreng kemasan Siptop 1000ml pouch dan botol,748653342,748653342,1,positive
train_612877964,train_1012209986,Celana panjang cinos oskhos 1 2 3 4 5 6 7 8 9 10 tahun  CELANA  PANJANG CHINO CEWE COWOK UNISEX,4 5 6 7 8 9 tahun celana panjang anak chino pants gymboree coklat,1900185622,1900185622,1,positive
train_3053844301,train_1885315078,"Monopoly 5 in 1 ( Monopoli, Halma, Catur, Ular tangga, Ludo )",Mainan Keluarga Monopoly 5 in 1 Monopoli Halma Ular Tangga Ludo Catur,2485229417,2485229417,1,positive
train_1094683118,train_301477899,Bobo Sikat Gigi Anak Premier Doraemon,Bobo Sikat gigi anak premier,1810973719,1810973719,1,positive
train_3518986709,train_2438943226,OBAT IKAN ARWANA HOBIE anti stress vitamin arowana nambah nafsu makan,HOBIE FISHES OBAT STRES IKAN HILANG NAFSU MAKAN ISI 10 KAPLET,1620542406,1620542406,1,positive
train_2483309946,train_2966264418,Some By Mi AHA BHA PHA 30 Days Miracle Acne Clear Body Cleanser Somebymi (SKU H21-8809647390725),SOMEBYMI AHA-BHA-PHA 30 DAYS MIRACLE ACNE CLEAR BODY CLEANSER 400ML,1149464099,1149464099,1,positive
train_2236201598,train_1694212672,HOT PANTS MUNIKO SALUR | CELANA PENDEK WANITA JUMBO,MARS - HOTPANT SALUR BLASTER | HOTPANTS SALUR BLASTER,198574160,198574160,1,positive
train_3186793774,train_1385023210,PIGEON BABY LOTION 100ML - PARABEN FREE,Pigeon Baby Lotion 100 ml,375771768,375771768,1,positive
train_1735367721,train_4220944816,Gabag / Kolibri Breastmilk Storage Bag ASI Love Story Blue Pink 100 ml 100ml Mix 120ml 120 ml 150ml,Gabag Kolibri Love Story Kantong ASI [100 mL],1975811590,1975811590,1,positive
train_3037605144,train_1171176454,Topi Baseball Bahan Rajut Motif Camo untuk Pria / Wanita/Pelindung Matahari dengan Bahan Rajut,Topi Baseball Bahan Rajut Motif Camo untuk Pria / Wanita,3782403323,3782403323,1,positive
train_2236041133,train_2624530624,bubblewrap 50 meter x 30 cm plastik bubble tebal pekat lentur (ekspedisi 1 roll/per check out),bubblewrap 50 meter x 30 cm plastik bubble tebal pekat lentur (ekspedisi 1 roll/per check out),579434069,579434069,1,positive
train_1174875101,train_679898798,Lampu LED Modul Strip Variasi 3 Mata 3watt 24Volt,LAMPU LED 3 MATA 24 V 3 Watt Modul LED 3 Titik Variasi Truk Bus Neon Box,3612716436,3612716436,1,positive
train_4240500058,train_2837677349,Canon Original Ink Cartridge CL811 CL 811 CL-811,Canon catridge cl 811 color original,3301262486,3301262486,1,positive
train_3283828139,train_1463274034,Wallpaper Sticker dinding Motif Awan GH001 langit plafon biru Sky Ukuran 45cm x 10 m BAYAR DI TEMPAT,Wallpaper Dinding Sticker 45cm x 10 meter / Wallpaper Dinding / Sticker Dinding / Wallsticker,1571936889,1571936889,1,positive
train_2451213958,train_1186254058,lOVELY Tunik Tunikmurah Atasanwanita Atasantunik Bajutunik grosironlinemurah Atasan / tunik wanita,TANIA BLOUSE GOLD,3063804201,3063804201,1,positive
train_1414242216,train_4263385637,Cat Acrylic Colours 12 ml Set-12 Free Kuas dan Pallet,Cat air akrilik / Cat Acrylic 12 warna Faber Castell,3930259119,3930259119,1,positive
train_2325640154,train_2864132633,ROBOT AVENGERS ISI 5 PCS 2115 - mainan robot,ROBOT AVENGERS ISI 5 PCS,3176986412,3176986412,1,positive
train_1133154105,train_3610816523,MINISO Klasik Solid Scarf Warna Hijau Muda / Abu-abu Coklat / Biru,MINISO Klasik Solid Scarf Warna Hijau Muda/ Abu-abu Coklat/Biru,1967369161,1967369161,1,positive
train_3534061300,train_555777962,Menspad Pembalut Kain Wanita Cuci Ulang NadNad by Sakina Murah,Menspad Nadnad by Sakina Pembalut Kain Cuci Ulang Murah / Menstrual Pad,1151388317,1151388317,1,positive
train_3241881161,train_3676261743,ryana tunik termurah,Baju Murah - Ryana Tunik/Tunikterkini/Tunikmuslimmah/Atasanmuslimwanita/Tunik/Blouse/Kemeja,47173637,47173637,1,positive
train_2045611962,train_741317498,Frisian Flag Swiss Chocolate 450 ml,Frisian Flag UHT Chocolate 450 mL - NED Agustus 2020,845828384,845828384,1,positive
train_3765710217,train_1426749974,Papan Tulis Anak Karakter + Bonus Spidol (Lengkap Penghapus),Papan tulis anak free spidol+penghapus+Tali beli min 10pcs harga 30rb,3386510564,3386510564,1,positive
train_3834482169,train_2413220560,Mobeo Sarung Setir Kulit Mobil PU Leather Steering Cover Universal 37 cm,Cover Setir Sarung Stir Mobil Bahan Kulit,1766054485,1766054485,1,positive
train_3381528984,train_454271353,ADS make up set,[MURAH] Make Up Kit Fashion Colors ADS,1405511691,1405511691,1,positive
train_2407448416,train_2278602187,Madu Golden Honey Albany 1 kg,MADU HUTAN KALIMANTAN GOLDEN HONEY NETTO 1KG,4128338861,4128338861,1,positive
train_835240013,train_3607540808,Bahan Sirup Murni,bahan sirup syrup MURNI solo sari buah aneka rasa 40 gr mudah murah segar jogja instan praktis,3692288049,3692288049,1,positive
train_4194633616,train_1623858437,freshia  free wadah kotak free mangkok,Freshia biru baru free compact bowl+tas,402740243,402740243,1,positive
train_1881767835,train_309781198,Poirot Investigates (Poirot Melacak) - Cover Baru,Poirot Investigates (Poirot Melacak) - Cover Baru,2011450828,2011450828,1,positive
train_1099322188,train_228400557,Shining Peel Off Charcoal Mask,Charcoal Mask,952489020,952489020,1,positive
train_335163176,train_1196937195,Mini Studio Kit/ Box Folding Kotak Tempat Foto Portable with LED Untuk Foto produk,Mini Studio Kit / Box Folding Kotak tempat foto produk portable with led,3623006870,3623006870,1,positive
train_720116982,train_348886224,"b""ERTOS WHY ACNE NIGHT CREAM / KRIM MALAM ERTO'S ASLI BPOM""",Why Acne Night Cream Ertos,1041750302,1041750302,1,positive
train_916179476,train_2931470696,QSAN Q-SAN Toilet Seat Sanitizer Pembersih dudukan Toilet untuk Penggunaan toilet WC Umum Travel,Q-San Toilet Seat Sanitizer Spray 60ml,3692357452,3692357452,1,positive
train_4240065803,train_3052716160,Obat gluconormix asli original obat diabetes meringankan gejala kencing manis BPOM,Obat gluconormix asli original obat diabetes membantu meringankan gejala kencing manis,4242193834,4242193834,1,positive
train_2648443083,train_2078625559,Lampu Alis LED slim alis DRL fleksibel waterproof 12v 60cm 2 mode running (1Pasang=2pcs),Sepasang Lampu led Drl alis 2 mode senja/Kota dan Sein Running 60cm 12V,2539499151,2539499151,1,positive
train_181124553,train_2259092119,Mainan Anak Perempuan Make Up Set Frozen 3 susun,MUTIARATOYS Mainan Anak Perempuan Make Up Set Frozenn 3 susun,3510706685,3510706685,1,positive
train_1977530761,train_2947688596,Pen HP Capacitive Stylush Pen Touchscreen,Pulpen Stylus / Ballpoint Pen Medium,4019524456,4019524456,1,positive
train_4256358974,train_3791712033,Friso Gold 4 900 gram | Friso 4 Gold 900 g | Susu Pertumbuhan Anak 900 gr,Friso Gold 4 900g,3400674385,3400674385,1,positive
train_3028465633,train_1943476304,"Teh Daun Jati Cina Original 100% Alami ( Herbal Organic Tea, Teh Pelangsing, Teh Peluntur)",Teh Daun Jati Cina life a herbal & hikmah sehat internasional Teh Pelangsing 40gr,3534906127,3534906127,1,positive
train_2171725112,train_676834316,DIY Wallsticker Whiteboard / Stiker Papan Tulis Putih,Papan Tulis White Board wallpaper whiteboard sticker Warna Putih Size 45cm x 2m,1256302275,1256302275,1,positive
train_1400663271,train_3674975113,Promo Cuci Gudang - Handuk Baju Wanita Motif Kartun Lucu (Smart Towel) Korea Murah,Baju Handuk / Handuk Baju / Wearable towel NEW,3777815423,3777815423,1,positive
train_2454959252,train_4061772125,6167 Tas Selempang Wanita Import Fashion AMOURRE 2in1,WnD SALE !! TAS UNIK - TAS FASHION - TAS SERUT BK004 - TAS SLEMPANG - TAS WANITA  - HIGH QUALITY!!,3569479734,3569479734,1,positive
train_107383247,train_1442718475,Sauna Suit SIKEN Korea / Baju Sauna / Jaket Sauna Siken Original,BAJU SPORT MURAH Sauna Suit SIKEN Korea / Baju Sauna / Jaket Sauna Siken Original,2084731252,2084731252,1,positive
train_277592042,train_1859864960,Tas Waistbag Selempang Waterproof Pria Wanita Anti Air Termurah,TW02-15 ORIGINAL HAOSHUAI Tas Selempang waistbag sling  Westbags weterproof nylon bag pria,1994379807,1994379807,1,positive
train_2320915903,train_3202990929,Alat Press Plastic / Plastic Sealer / Impulse Sealer 20 cm,ANQI 1988 Impulse Sealer /Mmesin Pres Plastik Alat Perekat Plastik Murah / XIF 20cm-30cm,2225683072,2225683072,1,positive
train_564907041,train_244124960,VEGER Powerbank X101 10000mAh Indicator LED Digital Display Real Capacity Power Bank,Power Bank VEGER X101 Ultimate LED Digital Display 10.000 mAH Original Garansi 15 Bulan,4153416780,4153416780,1,positive
train_1348835815,train_424226451,Mie Shirataki Kering/ Dry Shirataki [10pcs] 250GR - H119M,Dry Shirataki - 250g (Mie Kering Shirataki),3855894492,3855894492,1,positive
train_1027114293,train_1030726487,NFS 451 pop socket HP 3D karakter cartoon /pop socket 3D/pop socket aksesoris HP,POP SHOCKET K09 POPSHOCKET RING STAND RINGSTANT HP Aksesoris Handphone,1931494374,1931494374,1,positive
train_2506866523,train_3951806345,Strawberry Nail Henna / Kutek Halal Hena,Strawberry Nail Henna / Kutek Halal Hena BPOM Original,2209994116,2209994116,1,positive
train_1086514400,train_2092351967,TKTX / JPRO / J-PRO / SYA / DEEP NUMB / SUPER NUMB / PROAEGIS / KRIM ANASTESI TATTOO SULAM ANESTESI,NUMBING TKTX / JPRO / J-PRO / SYA / DEEP NUMB / SUPER NUMB / PROAEGIS / anestesi sulam alis,3493933699,3493933699,1,positive
train_3104668055,train_1452824406,SanDisk Cruzer Glide 3.0 USB Flash Drive 64GB (CZ600),SanDisk Flashdisk USB 3.0 Cruzer Glide CZ600 - 256GB,617690666,617690666,1,positive
train_1374635274,train_1379699273,CIF Cream 500ml (750gr),Cif Cream Lemon Pembersih noda dengan mudah 500ml,2296246825,2296246825,1,positive
train_141590871,train_2312204588,Kalibre Jam Tangan VERGUS 996124000,Jam Tangan Digital Kalibre Watch Vergus artikel 9961240000,1896303791,1896303791,1,positive
train_3264535764,train_2254858031,Toner for Normal Skin Theraskin 100ml,Theraskin Toner for Normal Skin 100ml,2178144638,2178144638,1,positive
train_2860866316,train_544340639,Original Salep pkw pi kang wang pikangwang / salep hL / salep kL,Obat impor Cina Salep Penyakit Kulit,2688425303,2688425303,1,positive
train_3915320029,train_2911173870,hoodie anak salur / macco kids,Kaos Hoodie Anak TERLARIS motif salur macco /kaos anak distro /1 sampe 7th / kaos anak keren /,2553256472,2553256472,1,positive
train_3926525957,train_2172699277,Tuner Gitar Digital Joyo JT-01 Clip On Chromatic Guitar Bass Ukulele,Digital Tuner Alat Stem Gitar Akustik Elektrik Bass Biola Ukulele,644572014,644572014,1,positive
train_541270951,train_2470713559,Sweater Pria Kaigedi Jumper Sweater Fleece,KAIGEDI // Sweater Pria Kaigedi Jumper Sweater Hodie Fleece Tebal,1081552197,1081552197,1,positive
train_4172606753,train_1737624902,Gantungan Gitar Biola Bass Akustik Elektrik Tempel di Dinding,Bracket Hook Gantungan Dinding Gitar  HK00433,1186296228,1186296228,1,positive
train_1192550962,train_3965524663,COD Kamar Tidur Selimut Bulu Selimut Murah Dewasa Motif Ukuran 150 x 200cm Import Halus dan Lembut,Selimut Bulu 150x200 tebal 500gr Halus Lembut Motif Dewasa Impor Murah,1871167754,1871167754,1,positive
train_2690645278,train_3039047352,Stiker SAO bahan graftec best seller,Stiker Anime SAO best seller,3052723665,3052723665,1,positive
train_4195216267,train_1044895849,"Promo 9,9  Daster Baby // Dress Yukensi // Dress Bayi // (0-12 Bulan)",MURAH!!! Daster Yukensi//Dress Yukensi Bayi 0-12 bulan,1203362046,1203362046,1,positive
train_89788474,train_1193741508,CR MB17 Mainan Dokter Set Koper Dan Make Up Set Koper Mainan Edukasi,RB MB17 Mainan Dokter Set Koper Dan Make Up Set Koper Mainan Edukasi,1729096345,1729096345,1,positive
train_2472455109,train_3863667075,IZANY Piyama CP Dewasa Katun Eropa Premium,IZANY Piyama Wanita Dewasa CP Bunga HARGA SUPER PROMO,517023446,517023446,1,positive
train_171291461,train_1552785361,Schweppes Tonic Water Lokal 330 ml Can,Schweppes Tonic Water Sleek Can 330 mL,3303274068,3303274068,1,positive
train_558686769,train_2709756303,Thermos stainless steel termos LIFE vacuum flask 500ml - 288,Termos LIFE Botol Minum Vacuum Flask Thermos Travel Stainless +Filter,3242331457,3242331457,1,positive
train_2727496353,train_3002862391,Kipas Genggam / Kipas Angin Portable / Kipas Tangan Lipat / Handfan / Mini Fan / Kipas Minifan,Kipas Genggam / Kipas Portable / Kipas Tangan Lipat / Handfan,2653319346,2653319346,1,positive
train_3868039537,train_1997621560,Guci rotan Pot vas bunga rotan untuk dekorasi,"Termurah, VAS POT BUNGA GUCI ROTAN ALAMI KLASIK (REAL PICT)",3701584640,3701584640,1,positive
train_3904191352,train_1082842942,Mofit M22 Pro Powerbank 10000mAh QC 3.0 + PD,Power Bank MOFIT M22 PRO 10.000mAh Real Capacity Quick Charge 22.5W  QC 3.0 + PD  Power Delivery,3314764813,3314764813,1,positive
train_406151176,train_3136664375,Sepatubandung_ AERY - Tas Selempang Wanita,(LOKAL) FF - D1180 AERY - Tas Selempang Wanita,503126361,503126361,1,positive
train_529968817,train_2671962923,Wax Anti Air Bahan Kayu Beewax,(fct) Beewax Kayu Beewax untuk Menjaga Furnitur,1670512919,1670512919,1,positive
train_1621011629,train_3870170619,JOBEL KAZEL SKINNY JEANS CELANA JEANS PANJANG ANAK SOFT JEANS BABY ELASTIS STRETCH JEANS KAZEL JOBEL,JOBEL Skinny Jeans Edition Unisex Boy / Girl (0 sd 5 tahun) Cherrybabykidsshop,3346642532,3346642532,1,positive
train_3565772490,train_3091337493,KAOS DISTRO ORANG TUA SEPANJANG MASA,Kaos Motif Orang Tua,3102703783,3102703783,1,positive
train_2834821897,train_4184151264,Sustagen Junior 1+madu 800gr,Sustagen Junior 1+ Madu 800 gr,156307992,156307992,1,positive
train_236645324,train_1534989662,Vaseline Healthy White Insta Fair Lotion 190 mL,VASELINE HEALTHY WHITE INSTA FAIR LOTION 190ML,3035928562,3035928562,1,positive
train_819554592,train_1594091164,Tasbih Digital LED Finger Counter,Tasbih Digital Led / Finger Counter Digital Led Besar Ada Lampu Led,3793406295,3793406295,1,positive
train_3968160796,train_1834178795,"High Quality T-Shirt Pakaian Pria KAOS KOMBINASI Keren Kekinian,3 Warna Pilihan Int.S.M.L.XL.XXL","New Product, High Quality T-Shirt Pakaian Pria Kaos Polos Kombinasi Keren Kekinian, Int.S.M.L.XL.XXL",51422340,51422340,1,positive
train_861302437,train_2863117640,FunBaking - Cetakan Coklat Pagar Mika Papan Nama,Mika papan coklat cetakan papan,2817782777,2817782777,1,positive
train_1906647013,train_3429820575,\xe2\x99\xa5LAPAS\xe2\x99\xa5 SIKAT KERAMAS KEPALA CUCI RAMBUT,\xe2\x99\xa5LAPAS\xe2\x99\xa5 Timbangan Dapur Kue Roti Digital Mangkok Kitchen Scale,2107247645,3789018892,0,hard_negative
train_1913983090,train_936865613,\xe2\x9c\x85cod Speaker bluetooth portabel Fleco f6 speaker MP3 speaker aktif radio superbas bergaransi cod,Jam Skmei 1400 original bergaransi free carton box SKMEI,1915584038,1557181333,0,hard_negative
train_3616418164,train_936865613,Bergaransi Aromatherapy Air Humidifier Lampu 7 Warna Kapasita  500ml  dengan Remot Kontrol,Jam Skmei 1400 original bergaransi free carton box SKMEI,659350859,1557181333,0,hard_negative
train_3616418164,train_2369654318,Bergaransi Aromatherapy Air Humidifier Lampu 7 Warna Kapasita  500ml  dengan Remot Kontrol,Promo Alarm Anti Maling Infrared PIR Sensor Gerak 2 Remote Control   C105 Bergaransi,659350859,4216712954,0,hard_negative
train_3616418164,train_3978794236,Bergaransi Aromatherapy Air Humidifier Lampu 7 Warna Kapasita  500ml  dengan Remot Kontrol,Rice Cooker Magic Com Cosmos CRJ 6368 Harmond Body Stainless Original Baru dan Bergaransi Resmi,659350859,1065144675,0,hard_negative
train_423812640,train_2627262318,READY STOCK - Brosse HairRemover ORIGINAL + BERGARANSI - White & Rosegold,Hand Mixer Miyako HM 620. BARU & BERGARANSI RESMI,626965399,1471548468,0,hard_negative
train_423812640,train_3805328859,READY STOCK - Brosse HairRemover ORIGINAL + BERGARANSI - White & Rosegold,[JAMIN 100% ORIGINAL KOREA] READY STOCK NATURE REPUBLIC AlOE VERA Soothing Gel 92% 300ml BERGARANSI,626965399,776805170,0,hard_negative
train_423812640,train_1058911479,READY STOCK - Brosse HairRemover ORIGINAL + BERGARANSI - White & Rosegold,CDR Fortos Suplemen Kalsium 10 Tablet ORIGINAL BERGARANSI,626965399,2964100056,0,hard_negative
train_936865613,train_2369654318,Jam Skmei 1400 original bergaransi free carton box SKMEI,Promo Alarm Anti Maling Infrared PIR Sensor Gerak 2 Remote Control   C105 Bergaransi,1557181333,4216712954,0,hard_negative
train_2369654318,train_3978794236,Promo Alarm Anti Maling Infrared PIR Sensor Gerak 2 Remote Control   C105 Bergaransi,Rice Cooker Magic Com Cosmos CRJ 6368 Harmond Body Stainless Original Baru dan Bergaransi Resmi,4216712954,1065144675,0,hard_negative
train_3752992484,train_2868791316,Delcell Cart 10500mAh Slim Powerbank,Powerbank delcell OLE 10500mah original.delcell ole 10500mah real capacity,4028603753,3095514841,0,hard_negative
train_3752992484,train_1798860675,Delcell Cart 10500mAh Slim Powerbank,Delcell 10500mAh Powerbank Ole Real Capacity Slim Powerbank Fast Charging Polymer Battery,4028603753,3095514841,0,hard_negative
train_2868791316,train_2501463196,Powerbank delcell OLE 10500mah original.delcell ole 10500mah real capacity,Delcell Cart 10500mAh Powerbank Slim Real Capacity,3095514841,4028603753,0,hard_negative
train_2501463196,train_1798860675,Delcell Cart 10500mAh Powerbank Slim Real Capacity,Delcell 10500mAh Powerbank Ole Real Capacity Slim Powerbank Fast Charging Polymer Battery,4028603753,3095514841,0,hard_negative
train_758846201,train_3411295014,Cadar tali 1 Layer (part I),Khimar Syari Cadar Lengan Khania 4in1,2788148991,502970099,0,hard_negative
train_758846201,train_1891249981,Cadar tali 1 Layer (part I),Cadar tali 2 layar / Niqob dua layer / Cadar grosir termurah,2788148991,3528566903,0,hard_negative
train_758846201,train_1649455383,Cadar tali 1 Layer (part I),Kerudung Khimar Syari Cadar Lengan KHANIA 4 in 1,2788148991,502970099,0,hard_negative
train_470412641,train_3411295014,Hijab Instan Cadar Niqab Anti Corona / Khimar Masker Cadar / Khimar Syari Jersey Cadar /Khimar Niqab,Khimar Syari Cadar Lengan Khania 4in1,4184214313,502970099,0,hard_negative
train_470412641,train_767763075,Hijab Instan Cadar Niqab Anti Corona / Khimar Masker Cadar / Khimar Syari Jersey Cadar /Khimar Niqab,Cadar Tali 2 Layer Wolfis Tebal Tidak Menerawang Niqob Tanpa Jahitan Di Bawah Mata,4184214313,3528566903,0,hard_negative
train_470412641,train_1891249981,Hijab Instan Cadar Niqab Anti Corona / Khimar Masker Cadar / Khimar Syari Jersey Cadar /Khimar Niqab,Cadar tali 2 layar / Niqob dua layer / Cadar grosir termurah,4184214313,3528566903,0,hard_negative
train_3098760997,train_2333274438,Terlengkap CADAR NIQOB 2 LAYAR DIAMOND CREPE - CADAR MURAH - NIQOB 2 LAYAR,KHIMAR NICOB CADAR JERSEY SUPER/KHIMAR INSTAN CADAR,3528566903,2349939933,0,hard_negative
train_3098760997,train_197033444,Terlengkap CADAR NIQOB 2 LAYAR DIAMOND CREPE - CADAR MURAH - NIQOB 2 LAYAR,"TERMURAH CADAR 2 LAYER dan CADAR 1 LAYER, CADAR WOLFIS",3528566903,2725995260,0,hard_negative
train_2333274438,train_197033444,KHIMAR NICOB CADAR JERSEY SUPER/KHIMAR INSTAN CADAR,"TERMURAH CADAR 2 LAYER dan CADAR 1 LAYER, CADAR WOLFIS",2349939933,2725995260,0,hard_negative
train_2333274438,train_2227859828,KHIMAR NICOB CADAR JERSEY SUPER/KHIMAR INSTAN CADAR,HIJAB BERGO SYRIA AZRIEL + CADAR NON PED KHIMAR INSTAN SUPER JUMBO WOLFIS PREMIUM,2349939933,4184214313,0,hard_negative
train_197033444,train_2227859828,"TERMURAH CADAR 2 LAYER dan CADAR 1 LAYER, CADAR WOLFIS",HIJAB BERGO SYRIA AZRIEL + CADAR NON PED KHIMAR INSTAN SUPER JUMBO WOLFIS PREMIUM,2725995260,4184214313,0,hard_negative
train_1891249981,train_1649455383,Cadar tali 2 layar / Niqob dua layer / Cadar grosir termurah,Kerudung Khimar Syari Cadar Lengan KHANIA 4 in 1,3528566903,502970099,0,hard_negative
train_878569709,train_1280220978,SHANNEN LIPSTICK CLP,LIPSTIK SHANNEN LIPSTICK SHANEN LIMITED EDITION,19273520,1381597103,0,hard_negative
train_878569709,train_691041440,SHANNEN LIPSTICK CLP,SHANNEN LIP PAINT 100% ORIGINAL,19273520,3908416576,0,hard_negative
train_1110212222,train_1280220978,SHANNEN LIPSTICK CREAMY LIP PAINT,LIPSTIK SHANNEN LIPSTICK SHANEN LIMITED EDITION,19273520,1381597103,0,hard_negative
train_1110212222,train_691041440,SHANNEN LIPSTICK CREAMY LIP PAINT,SHANNEN LIP PAINT 100% ORIGINAL,19273520,3908416576,0,hard_negative
train_352646006,train_1588290384,Shannen lipstik shanen creamy lip paint,shannen lipstick shanen,1381597103,3908416576,0,hard_negative
train_352646006,train_565629063,Shannen lipstik shanen creamy lip paint,Promo lipstik Shannen creamy lip paint ORI harga Grossir,1381597103,19273520,0,hard_negative
train_352646006,train_1042431948,Shannen lipstik shanen creamy lip paint,Shannen lipstick asli ori,1381597103,3908416576,0,hard_negative
train_1588290384,train_1941895702,shannen lipstick shanen,Shannen lipstik shanen creamy lip paint,3908416576,1381597103,0,hard_negative
train_1588290384,train_1892071670,shannen lipstick shanen,Shannen lipstik shanen creamy lip paint,3908416576,1381597103,0,hard_negative
train_1588290384,train_2970223750,shannen lipstick shanen,Shannen Lipstik Shanen Creamy Lip,3908416576,1381597103,0,hard_negative
train_1280220978,train_691041440,LIPSTIK SHANNEN LIPSTICK SHANEN LIMITED EDITION,SHANNEN LIP PAINT 100% ORIGINAL,1381597103,3908416576,0,hard_negative
train_1280220978,train_597539555,LIPSTIK SHANNEN LIPSTICK SHANEN LIMITED EDITION,SHANNEN CREAMY LIP PAINT,1381597103,19273520,0,hard_negative
train_691041440,train_597539555,SHANNEN LIP PAINT 100% ORIGINAL,SHANNEN CREAMY LIP PAINT,3908416576,19273520,0,hard_negative
train_565629063,train_1941895702,Promo lipstik Shannen creamy lip paint ORI harga Grossir,Shannen lipstik shanen creamy lip paint,19273520,1381597103,0,hard_negative
train_565629063,train_1892071670,Promo lipstik Shannen creamy lip paint ORI harga Grossir,Shannen lipstik shanen creamy lip paint,19273520,1381597103,0,hard_negative
train_565629063,train_1042431948,Promo lipstik Shannen creamy lip paint ORI harga Grossir,Shannen lipstick asli ori,19273520,3908416576,0,hard_negative
train_565629063,train_2970223750,Promo lipstik Shannen creamy lip paint ORI harga Grossir,Shannen Lipstik Shanen Creamy Lip,19273520,1381597103,0,hard_negative
train_1941895702,train_1042431948,Shannen lipstik shanen creamy lip paint,Shannen lipstick asli ori,1381597103,3908416576,0,hard_negative
train_1892071670,train_1042431948,Shannen lipstik shanen creamy lip paint,Shannen lipstick asli ori,1381597103,3908416576,0,hard_negative
train_1710670997,train_3233001316,TALLY Cd 008 Celana Dalam Seamless Tanpa Jahitan Anti Nyeplak,TALLY 8859/8878 Legging Hamil Celana Panjang Hamil Bahan Katun Spandeks,2622454260,2273666591,0,hard_negative
train_1710670997,train_227769081,TALLY Cd 008 Celana Dalam Seamless Tanpa Jahitan Anti Nyeplak,TALLY 184 Bh Harian Tanpa Kawat Busa Tipis Motif Nyaman Dipakai CUP B,2622454260,765576300,0,hard_negative
train_1710670997,train_871788963,TALLY Cd 008 Celana Dalam Seamless Tanpa Jahitan Anti Nyeplak,TALLY 6030 Celana dalam Seamless Bahan nilon Halus Nayaman Dipakai,2622454260,3644885947,0,hard_negative
train_1710670997,train_3424672118,TALLY Cd 008 Celana Dalam Seamless Tanpa Jahitan Anti Nyeplak,TALLY Bj 010 Baju tidur Seksi lingerie Bahan Lace Brokat,2622454260,2400732530,0,hard_negative
train_1710670997,train_3130762168,TALLY Cd 008 Celana Dalam Seamless Tanpa Jahitan Anti Nyeplak,TALLY 1682 Singlet Cup Seamless Bahan Pori Memiliki Busa Cup,2622454260,2811896546,0,hard_negative
train_1710670997,train_358244722,TALLY Cd 008 Celana Dalam Seamless Tanpa Jahitan Anti Nyeplak,TALLY 8859 Legging Hamil Celana Panjang Hamil Bahan Katun Spandeks,2622454260,2273666591,0,hard_negative
train_3233001316,train_3435919051,TALLY 8859/8878 Legging Hamil Celana Panjang Hamil Bahan Katun Spandeks,TALLY Kait Bra Extension Sambungan Bh,2273666591,2473560585,0,hard_negative
train_3233001316,train_227769081,TALLY 8859/8878 Legging Hamil Celana Panjang Hamil Bahan Katun Spandeks,TALLY 184 Bh Harian Tanpa Kawat Busa Tipis Motif Nyaman Dipakai CUP B,2273666591,765576300,0,hard_negative
train_3233001316,train_871788963,TALLY 8859/8878 Legging Hamil Celana Panjang Hamil Bahan Katun Spandeks,TALLY 6030 Celana dalam Seamless Bahan nilon Halus Nayaman Dipakai,2273666591,3644885947,0,hard_negative
train_3233001316,train_3424672118,TALLY 8859/8878 Legging Hamil Celana Panjang Hamil Bahan Katun Spandeks,TALLY Bj 010 Baju tidur Seksi lingerie Bahan Lace Brokat,2273666591,2400732530,0,hard_negative
train_3233001316,train_3130762168,TALLY 8859/8878 Legging Hamil Celana Panjang Hamil Bahan Katun Spandeks,TALLY 1682 Singlet Cup Seamless Bahan Pori Memiliki Busa Cup,2273666591,2811896546,0,hard_negative
train_525860842,train_1119669895,Tali Bh TALLY Tali Bh Transparant bening Tali Invisible,TALLY 2005 Singlet Tanktop Polos Wanita Nyaman dipakai tali kecil Tanktop bahan Modal,3820064478,1767634952,0,hard_negative
train_3435919051,train_227769081,TALLY Kait Bra Extension Sambungan Bh,TALLY 184 Bh Harian Tanpa Kawat Busa Tipis Motif Nyaman Dipakai CUP B,2473560585,765576300,0,hard_negative
train_3435919051,train_3130762168,TALLY Kait Bra Extension Sambungan Bh,TALLY 1682 Singlet Cup Seamless Bahan Pori Memiliki Busa Cup,2473560585,2811896546,0,hard_negative
train_3435919051,train_358244722,TALLY Kait Bra Extension Sambungan Bh,TALLY 8859 Legging Hamil Celana Panjang Hamil Bahan Katun Spandeks,2473560585,2273666591,0,hard_negative
train_227769081,train_871788963,TALLY 184 Bh Harian Tanpa Kawat Busa Tipis Motif Nyaman Dipakai CUP B,TALLY 6030 Celana dalam Seamless Bahan nilon Halus Nayaman Dipakai,765576300,3644885947,0,hard_negative
train_227769081,train_3424672118,TALLY 184 Bh Harian Tanpa Kawat Busa Tipis Motif Nyaman Dipakai CUP B,TALLY Bj 010 Baju tidur Seksi lingerie Bahan Lace Brokat,765576300,2400732530,0,hard_negative
train_227769081,train_3130762168,TALLY 184 Bh Harian Tanpa Kawat Busa Tipis Motif Nyaman Dipakai CUP B,TALLY 1682 Singlet Cup Seamless Bahan Pori Memiliki Busa Cup,765576300,2811896546,0,hard_negative
train_227769081,train_358244722,TALLY 184 Bh Harian Tanpa Kawat Busa Tipis Motif Nyaman Dipakai CUP B,TALLY 8859 Legging Hamil Celana Panjang Hamil Bahan Katun Spandeks,765576300,2273666591,0,hard_negative
train_871788963,train_3424672118,TALLY 6030 Celana dalam Seamless Bahan nilon Halus Nayaman Dipakai,TALLY Bj 010 Baju tidur Seksi lingerie Bahan Lace Brokat,3644885947,2400732530,0,hard_negative
train_871788963,train_3130762168,TALLY 6030 Celana dalam Seamless Bahan nilon Halus Nayaman Dipakai,TALLY 1682 Singlet Cup Seamless Bahan Pori Memiliki Busa Cup,3644885947,2811896546,0,hard_negative
train_871788963,train_358244722,TALLY 6030 Celana dalam Seamless Bahan nilon Halus Nayaman Dipakai,TALLY 8859 Legging Hamil Celana Panjang Hamil Bahan Katun Spandeks,3644885947,2273666591,0,hard_negative
train_696851414,train_106036402,Singlet / Camisole Wanita Tally 2005,Digital Mini Tasbih Tally Counter / Tasbih Dzikir Jari Digital,1767634952,1118101132,0,hard_negative
train_3424672118,train_3130762168,TALLY Bj 010 Baju tidur Seksi lingerie Bahan Lace Brokat,TALLY 1682 Singlet Cup Seamless Bahan Pori Memiliki Busa Cup,2400732530,2811896546,0,hard_negative
train_3424672118,train_358244722,TALLY Bj 010 Baju tidur Seksi lingerie Bahan Lace Brokat,TALLY 8859 Legging Hamil Celana Panjang Hamil Bahan Katun Spandeks,2400732530,2273666591,0,hard_negative
train_3130762168,train_358244722,TALLY 1682 Singlet Cup Seamless Bahan Pori Memiliki Busa Cup,TALLY 8859 Legging Hamil Celana Panjang Hamil Bahan Katun Spandeks,2811896546,2273666591,0,hard_negative
train_2813163206,train_1927816645,[Share Jar] The Ordinary Alpha Niacinamide AHA BHA Glycolic Hyaluronic Lactic Caffeine Moisturizing,The Ordinary Serum Alpha Arbutin 2% + HA Hyaluronic Acid Serum Wajah,2079709601,2725707385,0,hard_negative
train_2813163206,train_2618801107,[Share Jar] The Ordinary Alpha Niacinamide AHA BHA Glycolic Hyaluronic Lactic Caffeine Moisturizing,The Ordinary Alpha Arbutin 2% + HA Hyaluronic Acid Serum Wajah Original,2079709601,2725707385,0,hard_negative
train_2813163206,train_275529742,[Share Jar] The Ordinary Alpha Niacinamide AHA BHA Glycolic Hyaluronic Lactic Caffeine Moisturizing,LANBENA Whitening Facial Mask Vitamin C Moisturizing Hyaluronic acid nourish serum Obedience,2079709601,2489370416,0,hard_negative
train_2813163206,train_1778192076,[Share Jar] The Ordinary Alpha Niacinamide AHA BHA Glycolic Hyaluronic Lactic Caffeine Moisturizing,Somethinc Niacinamide Moisture Beet Somethinc Hyaluronic B5 Somethinc AHA BHA Peeling Solutions,2079709601,1508427084,0,hard_negative
train_1927816645,train_2061054592,The Ordinary Serum Alpha Arbutin 2% + HA Hyaluronic Acid Serum Wajah,COSRX Hyaluronic Acid Hydra Power Essence Daily Serum For Dry Skin 100ml,2725707385,330251613,0,hard_negative
train_1927816645,train_686372452,The Ordinary Serum Alpha Arbutin 2% + HA Hyaluronic Acid Serum Wajah,LANBENA Masker Wajah Asam Hyaluronic teknologi Jepang Pelembab Pemutih Perawatan Kulit Anti Penuaan,2725707385,2489370416,0,hard_negative
train_1927816645,train_1196603450,The Ordinary Serum Alpha Arbutin 2% + HA Hyaluronic Acid Serum Wajah,COSRX Hyaluronic Acid Hydra Power Essence 100 ml,2725707385,330251613,0,hard_negative
train_1927816645,train_3213527163,The Ordinary Serum Alpha Arbutin 2% + HA Hyaluronic Acid Serum Wajah,Serum Vitamin C Hyaluronic Acid Lanbena VC Whitening,2725707385,4206165442,0,hard_negative
train_2618801107,train_2061054592,The Ordinary Alpha Arbutin 2% + HA Hyaluronic Acid Serum Wajah Original,COSRX Hyaluronic Acid Hydra Power Essence Daily Serum For Dry Skin 100ml,2725707385,330251613,0,hard_negative
train_2618801107,train_1196603450,The Ordinary Alpha Arbutin 2% + HA Hyaluronic Acid Serum Wajah Original,COSRX Hyaluronic Acid Hydra Power Essence 100 ml,2725707385,330251613,0,hard_negative
train_2618801107,train_3213527163,The Ordinary Alpha Arbutin 2% + HA Hyaluronic Acid Serum Wajah Original,Serum Vitamin C Hyaluronic Acid Lanbena VC Whitening,2725707385,4206165442,0,hard_negative
train_2618801107,train_1778192076,The Ordinary Alpha Arbutin 2% + HA Hyaluronic Acid Serum Wajah Original,Somethinc Niacinamide Moisture Beet Somethinc Hyaluronic B5 Somethinc AHA BHA Peeling Solutions,2725707385,1508427084,0,hard_negative
train_275529742,train_3213527163,LANBENA Whitening Facial Mask Vitamin C Moisturizing Hyaluronic acid nourish serum Obedience,Serum Vitamin C Hyaluronic Acid Lanbena VC Whitening,2489370416,4206165442,0,hard_negative
train_275529742,train_1778192076,LANBENA Whitening Facial Mask Vitamin C Moisturizing Hyaluronic acid nourish serum Obedience,Somethinc Niacinamide Moisture Beet Somethinc Hyaluronic B5 Somethinc AHA BHA Peeling Solutions,2489370416,1508427084,0,hard_negative
train_2061054592,train_3213527163,COSRX Hyaluronic Acid Hydra Power Essence Daily Serum For Dry Skin 100ml,Serum Vitamin C Hyaluronic Acid Lanbena VC Whitening,330251613,4206165442,0,hard_negative
train_686372452,train_3213527163,LANBENA Masker Wajah Asam Hyaluronic teknologi Jepang Pelembab Pemutih Perawatan Kulit Anti Penuaan,Serum Vitamin C Hyaluronic Acid Lanbena VC Whitening,2489370416,4206165442,0,hard_negative
train_686372452,train_1778192076,LANBENA Masker Wajah Asam Hyaluronic teknologi Jepang Pelembab Pemutih Perawatan Kulit Anti Penuaan,Somethinc Niacinamide Moisture Beet Somethinc Hyaluronic B5 Somethinc AHA BHA Peeling Solutions,2489370416,1508427084,0,hard_negative
train_1196603450,train_3213527163,COSRX Hyaluronic Acid Hydra Power Essence 100 ml,Serum Vitamin C Hyaluronic Acid Lanbena VC Whitening,330251613,4206165442,0,hard_negative
train_3213527163,train_1778192076,Serum Vitamin C Hyaluronic Acid Lanbena VC Whitening,Somethinc Niacinamide Moisture Beet Somethinc Hyaluronic B5 Somethinc AHA BHA Peeling Solutions,4206165442,1508427084,0,hard_negative
train_1280734901,train_2012413405,Keyboard numeric numpad Angka Keypad Numeric Keyboard Wireless 2.4GHz 10 Meter,Mouse Wireless ROBOT M220 2.4GHz Optical 1600DPI dengan Receiver USB untuk PC Laptop Original Dpi,2945232845,3897529496,0,hard_negative
train_1643520212,train_2012413405,Tenda O1 500m 2.4GHz 8dBi Wireless Outdoor Point to Point CPE,Mouse Wireless ROBOT M220 2.4GHz Optical 1600DPI dengan Receiver USB untuk PC Laptop Original Dpi,1699645771,3897529496,0,hard_negative
train_590819811,train_2948638318,TOPK Kabel Charger Magnetic Micro USB Gray,TOPK Quick Charge 3.0 28W QC 3.0 Dual USB Charger Adapter,2012687223,2287446395,0,hard_negative
train_590819811,train_2840113699,TOPK Kabel Charger Magnetic Micro USB Gray,TOPK B244Q Quick Charge 28W QC 3.0 Dual USB Charger Adapter EU Travel Wall Charger,2012687223,2287446395,0,hard_negative
train_2948638318,train_1448047761,TOPK Quick Charge 3.0 28W QC 3.0 Dual USB Charger Adapter,TOPK AM23 Kabel Charger Magnetic Micro USB Magnet HP Magnetik Handphone Nylon Braided,2287446395,2012687223,0,hard_negative
train_625022305,train_1448047761,TOPK J03 Storage Bag for Storing Phone Accessories Cable Durable Protection Bag,TOPK AM23 Kabel Charger Magnetic Micro USB Magnet HP Magnetik Handphone Nylon Braided,1367195821,2012687223,0,hard_negative
train_2840113699,train_1448047761,TOPK B244Q Quick Charge 28W QC 3.0 Dual USB Charger Adapter EU Travel Wall Charger,TOPK AM23 Kabel Charger Magnetic Micro USB Magnet HP Magnetik Handphone Nylon Braided,2287446395,2012687223,0,hard_negative
train_4292083915,train_1946384638,"Tas Serut Pria/Wanita ""COKLAT TUA"" sackbag drawstring daypack backpack artch","Tas Serut Pria/Wanita ""ABU MUDA"" sackbag drawstring daypack backpack artch",1185182764,3126246456,0,hard_negative
train_4292083915,train_1857035584,"Tas Serut Pria/Wanita ""COKLAT TUA"" sackbag drawstring daypack backpack artch","Tas Serut Pria/Wanita ""BABY PINK"" sackbag drawstring daypack backpack artch",1185182764,1686970840,0,hard_negative
train_105420214,train_1113629960,Cairan Softlens Sedang Cairan Solutions ( Random O2 / Polylab ),Cairan Wiper Pembersih Kaca Mobil / Tablet Cairan Wiper Pembersih Kaca Mobil,2437797923,1689755103,0,hard_negative
train_105420214,train_80908390,Cairan Softlens Sedang Cairan Solutions ( Random O2 / Polylab ),Cairan Pembersih Softlens O2 MPS 160ml JK,2437797923,3080175352,0,hard_negative
train_1820535872,train_1487292084,KARBOL PEMBERSIH LANTAI CAIRAN DISINFEKTAN WIPOL BOTOL 450 ML,NICE LOOK AIR SOFTLENS 60 ML UNTUK CUCI SOFTLENS CAIRAN NICELOOK 60ML,854939166,710388512,0,hard_negative
train_1820535872,train_4017688569,KARBOL PEMBERSIH LANTAI CAIRAN DISINFEKTAN WIPOL BOTOL 450 ML,CAIRAN SOFTLENS SOFLENS X2 MPS 500ml,854939166,2288149440,0,hard_negative
train_1820535872,train_2893636089,KARBOL PEMBERSIH LANTAI CAIRAN DISINFEKTAN WIPOL BOTOL 450 ML,CAIRAN PEMBERSIH SOFLENS X2 COMFORT 500ML SUPER JUMBO,854939166,2288149440,0,hard_negative
train_1820535872,train_2354117007,KARBOL PEMBERSIH LANTAI CAIRAN DISINFEKTAN WIPOL BOTOL 450 ML,MPS CAIRAN SOLUTION SOFTLENS PENCUCI PERENDAM X2 COMFORT 500ML,854939166,2288149440,0,hard_negative
train_3572921871,train_1487292084,[X2] CAIRAN SOFTLENS X2 MPS 120ML,NICE LOOK AIR SOFTLENS 60 ML UNTUK CUCI SOFTLENS CAIRAN NICELOOK 60ML,3586128258,710388512,0,hard_negative
train_3572921871,train_4017688569,[X2] CAIRAN SOFTLENS X2 MPS 120ML,CAIRAN SOFTLENS SOFLENS X2 MPS 500ml,3586128258,2288149440,0,hard_negative
train_3572921871,train_2893636089,[X2] CAIRAN SOFTLENS X2 MPS 120ML,CAIRAN PEMBERSIH SOFLENS X2 COMFORT 500ML SUPER JUMBO,3586128258,2288149440,0,hard_negative
train_3572921871,train_2354117007,[X2] CAIRAN SOFTLENS X2 MPS 120ML,MPS CAIRAN SOLUTION SOFTLENS PENCUCI PERENDAM X2 COMFORT 500ML,3586128258,2288149440,0,hard_negative
train_1487292084,train_4017688569,NICE LOOK AIR SOFTLENS 60 ML UNTUK CUCI SOFTLENS CAIRAN NICELOOK 60ML,CAIRAN SOFTLENS SOFLENS X2 MPS 500ml,710388512,2288149440,0,hard_negative
train_1487292084,train_2893636089,NICE LOOK AIR SOFTLENS 60 ML UNTUK CUCI SOFTLENS CAIRAN NICELOOK 60ML,CAIRAN PEMBERSIH SOFLENS X2 COMFORT 500ML SUPER JUMBO,710388512,2288149440,0,hard_negative
train_1487292084,train_2354117007,NICE LOOK AIR SOFTLENS 60 ML UNTUK CUCI SOFTLENS CAIRAN NICELOOK 60ML,MPS CAIRAN SOLUTION SOFTLENS PENCUCI PERENDAM X2 COMFORT 500ML,710388512,2288149440,0,hard_negative
train_1113629960,train_80908390,Cairan Wiper Pembersih Kaca Mobil / Tablet Cairan Wiper Pembersih Kaca Mobil,Cairan Pembersih Softlens O2 MPS 160ml JK,1689755103,3080175352,0,hard_negative
train_1113629960,train_4046479071,Cairan Wiper Pembersih Kaca Mobil / Tablet Cairan Wiper Pembersih Kaca Mobil,AOSEPT PLUS Cairan Pembersih Lensa Kontak,1689755103,3471661523,0,hard_negative
train_80908390,train_4046479071,Cairan Pembersih Softlens O2 MPS 160ml JK,AOSEPT PLUS Cairan Pembersih Lensa Kontak,3080175352,3471661523,0,hard_negative
train_80908390,train_990799540,Cairan Pembersih Softlens O2 MPS 160ml JK,A97 Cairan Pembersih dan Pelindung Kaca Mobil Wiper Fluid HEMAT PRAKTISS,3080175352,1689755103,0,hard_negative
train_4046479071,train_990799540,AOSEPT PLUS Cairan Pembersih Lensa Kontak,A97 Cairan Pembersih dan Pelindung Kaca Mobil Wiper Fluid HEMAT PRAKTISS,3471661523,1689755103,0,hard_negative
train_2838879851,train_475962651,Anting hijab Perhiasan Korea Earrings zirkon dalam deretan 7 berlian dengan bintang berlian imitasi,Cincin Zirkon Perak Asli Kadar 925 Cincin Wanita Hadiah terbaik,1968285138,4138068450,0,hard_negative
train_1844990827,train_2824179035,[READY] Joju collagen by primerose thailand,[READY] Lemona Gyeol Collagen / korea nano collagen from fish + vitamin c,709353370,1710630792,0,hard_negative
train_2824179035,train_1789512220,[READY] Lemona Gyeol Collagen / korea nano collagen from fish + vitamin c,[READY] [OPEN RESELLER] [RESMI] Sabun Whitening Gluta Collagen beautetox soap,1710630792,159351600,0,hard_negative
train_1789512220,train_1149371320,[READY] [OPEN RESELLER] [RESMI] Sabun Whitening Gluta Collagen beautetox soap,[READY] Scarlett Whitening Serum Acne/ Brightly Ever After by felicia,159351600,1163569239,0,hard_negative
train_2856003063,train_1191415112,[READY] DOMPET DISIPLIN KEUANGAN BULANAN / WALLET ORGANIZER / DOMPET KEUANGAN,[READY] BA2C SPONGE MANDI 20 gr MOTIF DAN WARNA RANDOM,1515223424,269834062,0,hard_negative
train_2856003063,train_3947390820,[READY] DOMPET DISIPLIN KEUANGAN BULANAN / WALLET ORGANIZER / DOMPET KEUANGAN,[READY] ONE STEP HAIR DRYER AND STYLER HOT AIR BRUSH (SISIR PENGERING RAMBUT 3IN1),1515223424,2285573787,0,hard_negative
train_1191415112,train_1333116197,[READY] BA2C SPONGE MANDI 20 gr MOTIF DAN WARNA RANDOM,[READY] 650ml FOLLOW ME GREEN TEA SHAMPOO & 650ml FOLLOW ME GREEN TEA CONDITIONER [T078],269834062,1151643989,0,hard_negative
train_1191415112,train_3947390820,[READY] BA2C SPONGE MANDI 20 gr MOTIF DAN WARNA RANDOM,[READY] ONE STEP HAIR DRYER AND STYLER HOT AIR BRUSH (SISIR PENGERING RAMBUT 3IN1),269834062,2285573787,0,hard_negative
train_1333116197,train_3947390820,[READY] 650ml FOLLOW ME GREEN TEA SHAMPOO & 650ml FOLLOW ME GREEN TEA CONDITIONER [T078],[READY] ONE STEP HAIR DRYER AND STYLER HOT AIR BRUSH (SISIR PENGERING RAMBUT 3IN1),1151643989,2285573787,0,hard_negative
train_397506141,train_2052876872,PIPI net merah besar mandi rambut ambil klip jepit rambut perempuan kembali kepala klip headwear,Emas Antam 2 gram Logam Mulia Garansi Uang Kembali Include Sertifikat,747415817,166358449,0,hard_negative
train_4044141741,train_74611809,SABUN PYARY ORIGINAL IMPORT SAUDI | 100% Original Garansi uang kembali,MADU ASLI 100%!!! Madu Kebun Asli 100% Garansi Uang Kembali,3202881534,645996049,0,hard_negative
train_2970276831,train_3395748191,LO - Popok Kain Bayi Berkancing / Cloth Diaper / Clodi Bayi Dapat Di Cuci & Pakai Kembali,PROMO 11.11 Bajakah Kalimantan Asli - Garansi Uang Kembali - Obat Herbal,996959929,3497969901,0,hard_negative
train_547673094,train_2070644662,SEDOTAN STAINLESS BISA DIGUNAKAN KEMBALI / SEDOTAN LURUS & BENGKOK DENGAN SIKAT PEMBERSIH,LVN COLLAGEN - ORIGINAL TERMURAH - LVN STROBERI - GARANSI UANG KEMBALI,2540718433,645628,0,hard_negative
train_3395748191,train_2052876872,PROMO 11.11 Bajakah Kalimantan Asli - Garansi Uang Kembali - Obat Herbal,Emas Antam 2 gram Logam Mulia Garansi Uang Kembali Include Sertifikat,3497969901,166358449,0,hard_negative
train_3395748191,train_74611809,PROMO 11.11 Bajakah Kalimantan Asli - Garansi Uang Kembali - Obat Herbal,MADU ASLI 100%!!! Madu Kebun Asli 100% Garansi Uang Kembali,3497969901,645996049,0,hard_negative
train_2052876872,train_74611809,Emas Antam 2 gram Logam Mulia Garansi Uang Kembali Include Sertifikat,MADU ASLI 100%!!! Madu Kebun Asli 100% Garansi Uang Kembali,166358449,645996049,0,hard_negative
train_1325756868,train_1558118260,NOTA LIVE 1 KG 140.000 - 235.000,NOTA LIVE,2367461313,130594841,0,hard_negative
train_1638620442,train_9603698,Nota live shopee,Nota pembayaran live 1 kg 35.000 - 130.000,1663586362,2367461313,0,hard_negative
train_4262168878,train_1558118260,NOTA LIVE 2 KG 240.000 - 335.000,NOTA LIVE,2367461313,130594841,0,hard_negative
train_1765509296,train_1558118260,NOTA LIVE 2 KG 40.000 - 135.000,NOTA LIVE,2367461313,130594841,0,hard_negative
train_9603698,train_4078853550,Nota pembayaran live 1 kg 35.000 - 130.000,Nota live shopee,2367461313,1663586362,0,hard_negative
train_1558118260,train_2061903001,NOTA LIVE,NOTA LIVE 1 KG 21.000 - 40.000,130594841,2367461313,0,hard_negative
train_1558118260,train_1452829153,NOTA LIVE,NOTA LIVE 1 KG 61.000 - 80.000,130594841,2367461313,0,hard_negative
train_1558118260,train_453685444,NOTA LIVE,NOTA LIVE 2 KG 181.000 - 200.000,130594841,2367461313,0,hard_negative
train_2961381387,train_2669167783,Madame Gie MakeUp Blush On BY GISELL,Madame Gie Total Cover BB Two Way Cake - Bedak Padat,2098400894,629514344,0,hard_negative
train_2961381387,train_3661345234,Madame Gie MakeUp Blush On BY GISELL,Madame Gie Got You Covered - MakeUp Concealer Liquide,2098400894,803317615,0,hard_negative
train_2961381387,train_1774114530,Madame Gie MakeUp Blush On BY GISELL,Madame Gie Total Cover BB Cushion ORI/ FULL & REFILL / Bedak Madame Gie,2098400894,219568860,0,hard_negative
train_2961381387,train_1320825819,Madame Gie MakeUp Blush On BY GISELL,ORIGINAL Madame Gie Total Cover BB Cushion BPOM / FULL & REFILL / ALORA,2098400894,219568860,0,hard_negative
train_2669167783,train_4105413854,Madame Gie Total Cover BB Two Way Cake - Bedak Padat,Madame Got You Covered/ concealer madame gie,629514344,803317615,0,hard_negative
train_2669167783,train_400351908,Madame Gie Total Cover BB Two Way Cake - Bedak Padat,Lip tint madame gie / liptint madame.gie ala korea,629514344,2966681171,0,hard_negative
train_2669167783,train_3661345234,Madame Gie Total Cover BB Two Way Cake - Bedak Padat,Madame Gie Got You Covered - MakeUp Concealer Liquide,629514344,803317615,0,hard_negative
train_2669167783,train_1774114530,Madame Gie Total Cover BB Two Way Cake - Bedak Padat,Madame Gie Total Cover BB Cushion ORI/ FULL & REFILL / Bedak Madame Gie,629514344,219568860,0,hard_negative
train_2669167783,train_1320825819,Madame Gie Total Cover BB Two Way Cake - Bedak Padat,ORIGINAL Madame Gie Total Cover BB Cushion BPOM / FULL & REFILL / ALORA,629514344,219568860,0,hard_negative
train_1474800807,train_3525366219,MADAME GIE BEAUTY MUD ICING MASK - SKINCARE WAJAH MASKER LUMPUR MADAM GIE,CONCEALER MADAME GIE GOT YOU COVERED / CONCEALER CAIR MADAM GIE ORIGINAL BPOM,1211845219,803317615,0,hard_negative
train_4105413854,train_400351908,Madame Got You Covered/ concealer madame gie,Lip tint madame gie / liptint madame.gie ala korea,803317615,2966681171,0,hard_negative
train_400351908,train_3661345234,Lip tint madame gie / liptint madame.gie ala korea,Madame Gie Got You Covered - MakeUp Concealer Liquide,2966681171,803317615,0,hard_negative
train_400351908,train_1774114530,Lip tint madame gie / liptint madame.gie ala korea,Madame Gie Total Cover BB Cushion ORI/ FULL & REFILL / Bedak Madame Gie,2966681171,219568860,0,hard_negative
train_3661345234,train_1774114530,Madame Gie Got You Covered - MakeUp Concealer Liquide,Madame Gie Total Cover BB Cushion ORI/ FULL & REFILL / Bedak Madame Gie,803317615,219568860,0,hard_negative
train_1637112127,train_2796492418,Dari JAKARTA - Bisa COD \xe2\x98\x85 Cayman \xe2\x98\x85 Dompet FUERDANNI Lipat Kulit Pria Import Men Wallet MF001,Dompet Lipat IMPOR Pria Fuerdanni Exclusive Cowo Leather Mens Wallet Kulit,1713520364,957492934,0,hard_negative
train_1637112127,train_273692620,Dari JAKARTA - Bisa COD \xe2\x98\x85 Cayman \xe2\x98\x85 Dompet FUERDANNI Lipat Kulit Pria Import Men Wallet MF001,Dompet Lipat IMPOR Pria COWO Fuerdanni Exclusive Cowo Leather Mens Wallet Kulit,1713520364,957492934,0,hard_negative
train_3481515685,train_3889949936,Ennwen W47 Dompet Pria Pendek Fuerdanni  Men Short Wallet,Dompet pendek pria lipat 3 fuerdanni,3460790206,1713520364,0,hard_negative
train_3481515685,train_1703864802,Ennwen W47 Dompet Pria Pendek Fuerdanni  Men Short Wallet,READY Dompet Pria Fuerdanni Kulit Premium import,3460790206,3992529359,0,hard_negative
train_3481515685,train_2796492418,Ennwen W47 Dompet Pria Pendek Fuerdanni  Men Short Wallet,Dompet Lipat IMPOR Pria Fuerdanni Exclusive Cowo Leather Mens Wallet Kulit,3460790206,957492934,0,hard_negative
train_3481515685,train_273692620,Ennwen W47 Dompet Pria Pendek Fuerdanni  Men Short Wallet,Dompet Lipat IMPOR Pria COWO Fuerdanni Exclusive Cowo Leather Mens Wallet Kulit,3460790206,957492934,0,hard_negative
train_3889949936,train_1703864802,Dompet pendek pria lipat 3 fuerdanni,READY Dompet Pria Fuerdanni Kulit Premium import,1713520364,3992529359,0,hard_negative
train_3889949936,train_2796492418,Dompet pendek pria lipat 3 fuerdanni,Dompet Lipat IMPOR Pria Fuerdanni Exclusive Cowo Leather Mens Wallet Kulit,1713520364,957492934,0,hard_negative
train_3889949936,train_273692620,Dompet pendek pria lipat 3 fuerdanni,Dompet Lipat IMPOR Pria COWO Fuerdanni Exclusive Cowo Leather Mens Wallet Kulit,1713520364,957492934,0,hard_negative
train_1703864802,train_2796492418,READY Dompet Pria Fuerdanni Kulit Premium import,Dompet Lipat IMPOR Pria Fuerdanni Exclusive Cowo Leather Mens Wallet Kulit,3992529359,957492934,0,hard_negative
train_1703864802,train_273692620,READY Dompet Pria Fuerdanni Kulit Premium import,Dompet Lipat IMPOR Pria COWO Fuerdanni Exclusive Cowo Leather Mens Wallet Kulit,3992529359,957492934,0,hard_negative
train_3039788009,train_4133864437,SUSU DINO | CAP LANG MINYAK KAYU PUTIH 30ml / 60ml / 120ml / 210ml,"minyak kayu putih cap lang 15ml, 30ml, 60ml, 120ml, 210ml",1690075265,2398547853,0,hard_negative
train_3039788009,train_2093128644,SUSU DINO | CAP LANG MINYAK KAYU PUTIH 30ml / 60ml / 120ml / 210ml,Minyak Kayu Putih Cap Lang Caplang 210ml 120ml 60ml 30ml,1690075265,4096600343,0,hard_negative
train_3783671867,train_20723777,Sitronela cap lang 60 ml minyak sereh anti nyamuk anak alam citronela lang,Minyak kayu putih cap lang 210 ml,1905414973,911448401,0,hard_negative
train_3783671867,train_4133864437,Sitronela cap lang 60 ml minyak sereh anti nyamuk anak alam citronela lang,"minyak kayu putih cap lang 15ml, 30ml, 60ml, 120ml, 210ml",1905414973,2398547853,0,hard_negative
train_3783671867,train_16033115,Sitronela cap lang 60 ml minyak sereh anti nyamuk anak alam citronela lang,minyak kayu putih cap lang 30/60/120/210 ml,1905414973,911448401,0,hard_negative
train_3783671867,train_931949347,Sitronela cap lang 60 ml minyak sereh anti nyamuk anak alam citronela lang,Minyak Kayu Putih Cap Lang Cajuput Oil 210 ml,1905414973,1827036942,0,hard_negative
train_3783671867,train_2093128644,Sitronela cap lang 60 ml minyak sereh anti nyamuk anak alam citronela lang,Minyak Kayu Putih Cap Lang Caplang 210ml 120ml 60ml 30ml,1905414973,4096600343,0,hard_negative
train_20723777,train_4133864437,Minyak kayu putih cap lang 210 ml,"minyak kayu putih cap lang 15ml, 30ml, 60ml, 120ml, 210ml",911448401,2398547853,0,hard_negative
train_20723777,train_3842956418,Minyak kayu putih cap lang 210 ml,Minyak Kayu Putih Cap Lang 120ml,911448401,1690075265,0,hard_negative
train_20723777,train_931949347,Minyak kayu putih cap lang 210 ml,Minyak Kayu Putih Cap Lang Cajuput Oil 210 ml,911448401,1827036942,0,hard_negative
train_20723777,train_2093128644,Minyak kayu putih cap lang 210 ml,Minyak Kayu Putih Cap Lang Caplang 210ml 120ml 60ml 30ml,911448401,4096600343,0,hard_negative
train_20723777,train_1027347671,Minyak kayu putih cap lang 210 ml,Minyak Kayu Putih Cap Lang 60ML/120ML/210ML,911448401,4096600343,0,hard_negative
train_4133864437,train_3842956418,"minyak kayu putih cap lang 15ml, 30ml, 60ml, 120ml, 210ml",Minyak Kayu Putih Cap Lang 120ml,2398547853,1690075265,0,hard_negative
train_4133864437,train_16033115,"minyak kayu putih cap lang 15ml, 30ml, 60ml, 120ml, 210ml",minyak kayu putih cap lang 30/60/120/210 ml,2398547853,911448401,0,hard_negative
train_4133864437,train_944560013,"minyak kayu putih cap lang 15ml, 30ml, 60ml, 120ml, 210ml",Minyak Kayu Putih Cap Lang (60 ml) (120 ml) (210 ml),2398547853,911448401,0,hard_negative
train_4133864437,train_931949347,"minyak kayu putih cap lang 15ml, 30ml, 60ml, 120ml, 210ml",Minyak Kayu Putih Cap Lang Cajuput Oil 210 ml,2398547853,1827036942,0,hard_negative
train_4133864437,train_2093128644,"minyak kayu putih cap lang 15ml, 30ml, 60ml, 120ml, 210ml",Minyak Kayu Putih Cap Lang Caplang 210ml 120ml 60ml 30ml,2398547853,4096600343,0,hard_negative
train_4133864437,train_1027347671,"minyak kayu putih cap lang 15ml, 30ml, 60ml, 120ml, 210ml",Minyak Kayu Putih Cap Lang 60ML/120ML/210ML,2398547853,4096600343,0,hard_negative
train_3842956418,train_16033115,Minyak Kayu Putih Cap Lang 120ml,minyak kayu putih cap lang 30/60/120/210 ml,1690075265,911448401,0,hard_negative
train_3842956418,train_944560013,Minyak Kayu Putih Cap Lang 120ml,Minyak Kayu Putih Cap Lang (60 ml) (120 ml) (210 ml),1690075265,911448401,0,hard_negative
train_3842956418,train_931949347,Minyak Kayu Putih Cap Lang 120ml,Minyak Kayu Putih Cap Lang Cajuput Oil 210 ml,1690075265,1827036942,0,hard_negative
train_3842956418,train_2093128644,Minyak Kayu Putih Cap Lang 120ml,Minyak Kayu Putih Cap Lang Caplang 210ml 120ml 60ml 30ml,1690075265,4096600343,0,hard_negative
train_3842956418,train_1027347671,Minyak Kayu Putih Cap Lang 120ml,Minyak Kayu Putih Cap Lang 60ML/120ML/210ML,1690075265,4096600343,0,hard_negative
train_16033115,train_931949347,minyak kayu putih cap lang 30/60/120/210 ml,Minyak Kayu Putih Cap Lang Cajuput Oil 210 ml,911448401,1827036942,0,hard_negative
train_16033115,train_2093128644,minyak kayu putih cap lang 30/60/120/210 ml,Minyak Kayu Putih Cap Lang Caplang 210ml 120ml 60ml 30ml,911448401,4096600343,0,hard_negative
train_16033115,train_1027347671,minyak kayu putih cap lang 30/60/120/210 ml,Minyak Kayu Putih Cap Lang 60ML/120ML/210ML,911448401,4096600343,0,hard_negative
train_944560013,train_931949347,Minyak Kayu Putih Cap Lang (60 ml) (120 ml) (210 ml),Minyak Kayu Putih Cap Lang Cajuput Oil 210 ml,911448401,1827036942,0,hard_negative
train_944560013,train_2093128644,Minyak Kayu Putih Cap Lang (60 ml) (120 ml) (210 ml),Minyak Kayu Putih Cap Lang Caplang 210ml 120ml 60ml 30ml,911448401,4096600343,0,hard_negative
train_944560013,train_1027347671,Minyak Kayu Putih Cap Lang (60 ml) (120 ml) (210 ml),Minyak Kayu Putih Cap Lang 60ML/120ML/210ML,911448401,4096600343,0,hard_negative
train_931949347,train_2093128644,Minyak Kayu Putih Cap Lang Cajuput Oil 210 ml,Minyak Kayu Putih Cap Lang Caplang 210ml 120ml 60ml 30ml,1827036942,4096600343,0,hard_negative
train_931949347,train_1027347671,Minyak Kayu Putih Cap Lang Cajuput Oil 210 ml,Minyak Kayu Putih Cap Lang 60ML/120ML/210ML,1827036942,4096600343,0,hard_negative
train_225044743,train_1833751999,PROMO!!! Jilbab Instan Siria Series 1Slup Crepe High Quality Antem tammia Rempel Depan Praktis kerja,NEW PROMO!!! Sepatu Sneakers Fashion Pria Wild & Include Box,3513398405,121911022,0,hard_negative
train_1833751999,train_114579963,NEW PROMO!!! Sepatu Sneakers Fashion Pria Wild & Include Box,HOT PROMO!!! PIGEON Breast Pad Honeycomb Penyerap Asi Isi 66 Pcs,121911022,794097910,0,hard_negative
train_1833751999,train_2819872232,NEW PROMO!!! Sepatu Sneakers Fashion Pria Wild & Include Box,11.11 SUPER PROMO!!! Sepatu Wanita PRINCES,121911022,3184487800,0,hard_negative
train_1833751999,train_2212022473,NEW PROMO!!! Sepatu Sneakers Fashion Pria Wild & Include Box,PROMO!!! Cermin LED Foldable Kaca Rias Make Up Double Sided Mirror,121911022,3454786775,0,hard_negative
train_2819872232,train_4178419804,11.11 SUPER PROMO!!! Sepatu Wanita PRINCES,PROMO!!! TAS Totebag camera,3184487800,3145779110,0,hard_negative
train_2792183846,train_975406445,[Mizan Yogyakarta] The Montessori Toddler,[Mizan Yogyakarta] Mans Search For Meaning,2336092241,3936490926,0,hard_negative
train_2255798292,train_300969575,PROMINA BISKUIT RUSK / Biskuit Bayi / Cemilan Bayi,Heinz Biscotti 60g / Heinz Biskuit Bayi / BabyLexx,381098976,3366231353,0,hard_negative
train_2255798292,train_3260027751,PROMINA BISKUIT RUSK / Biskuit Bayi / Cemilan Bayi,Juara Snack Biskuit Bagelen Bandung Berat 165gr,381098976,3894284079,0,hard_negative
train_2255798292,train_1264816205,PROMINA BISKUIT RUSK / Biskuit Bayi / Cemilan Bayi,BEBEROLL Yummy Bites - BEBE ROLL - Biskuit Bayi - Snack Bayi Kemasan 40gr,381098976,2650202686,0,hard_negative
train_130144039,train_273082086,Stik Pocky Double Choco Biskuit Stik Coklat 47gr,Biskuit Nissin Walens Choco Soes / Sus Kering Isi Cokelat 100gr Nisin (BKS),1591118167,2877470752,0,hard_negative
train_3999838811,train_300969575,Promina Baby Rusk Biskuit Bayi,Heinz Biscotti 60g / Heinz Biskuit Bayi / BabyLexx,381098976,3366231353,0,hard_negative
train_3999838811,train_3260027751,Promina Baby Rusk Biskuit Bayi,Juara Snack Biskuit Bagelen Bandung Berat 165gr,381098976,3894284079,0,hard_negative
train_3999838811,train_1264816205,Promina Baby Rusk Biskuit Bayi,BEBEROLL Yummy Bites - BEBE ROLL - Biskuit Bayi - Snack Bayi Kemasan 40gr,381098976,2650202686,0,hard_negative
train_300969575,train_3260027751,Heinz Biscotti 60g / Heinz Biskuit Bayi / BabyLexx,Juara Snack Biskuit Bagelen Bandung Berat 165gr,3366231353,3894284079,0,hard_negative
train_300969575,train_1264816205,Heinz Biscotti 60g / Heinz Biskuit Bayi / BabyLexx,BEBEROLL Yummy Bites - BEBE ROLL - Biskuit Bayi - Snack Bayi Kemasan 40gr,3366231353,2650202686,0,hard_negative
train_300969575,train_1763848313,Heinz Biscotti 60g / Heinz Biskuit Bayi / BabyLexx,Promina Biskuit Baby RUSK 130 gr,3366231353,381098976,0,hard_negative
train_3260027751,train_1264816205,Juara Snack Biskuit Bagelen Bandung Berat 165gr,BEBEROLL Yummy Bites - BEBE ROLL - Biskuit Bayi - Snack Bayi Kemasan 40gr,3894284079,2650202686,0,hard_negative
train_3260027751,train_1763848313,Juara Snack Biskuit Bagelen Bandung Berat 165gr,Promina Biskuit Baby RUSK 130 gr,3894284079,381098976,0,hard_negative
train_162413014,train_2255419956,ANTI BLUELIGHT TEMPERED GLASS 10D FULL COVER ALL TIPE HP,\xe2\x9a\xa0\xef\xb8\x8f[ PROMO ]\xe2\x9a\xa0\xef\xb8\x8fALL TYPE TEMPERED GLASS ANTI BLUELIGHT 10D XIAOMI / OPPO / VIVO SAMSUNG REALME / IPHONE,3075806009,1128407589,0,hard_negative
train_1714302799,train_2255419956,ANTI BLUELIGHT TEMPERED GLASS 10D FULL COVER XIAOMI REDMI NOTE 7/7/7A/S2/MI PLAY/POCOPHONE F1/NOTE 6,\xe2\x9a\xa0\xef\xb8\x8f[ PROMO ]\xe2\x9a\xa0\xef\xb8\x8fALL TYPE TEMPERED GLASS ANTI BLUELIGHT 10D XIAOMI / OPPO / VIVO SAMSUNG REALME / IPHONE,3075806009,1128407589,0,hard_negative
train_1956931311,train_943991353,[11.11 SALE] M Footwear - Sepatu Sneakers Pria Casual Import - SNK7029,TVF Footwear - Sandals - Semeru (Grey Gum),437998263,2419783705,0,hard_negative
train_1956931311,train_1955080066,[11.11 SALE] M Footwear - Sepatu Sneakers Pria Casual Import - SNK7029,Sepatu Sneakers/Running Pria Footstep Footwear - Soho Navy,437998263,2592062915,0,hard_negative
train_2174087894,train_943991353,[11.11 SALE] M Footwear - Sepatu Sneakers Pria Casual Import - SNK7030,TVF Footwear - Sandals - Semeru (Grey Gum),2196125053,2419783705,0,hard_negative
train_2174087894,train_1955080066,[11.11 SALE] M Footwear - Sepatu Sneakers Pria Casual Import - SNK7030,Sepatu Sneakers/Running Pria Footstep Footwear - Soho Navy,2196125053,2592062915,0,hard_negative
train_943991353,train_3179764542,TVF Footwear - Sandals - Semeru (Grey Gum),[11.11 SALE] M Footwear - Sepatu Sneakers Pria Casual Import - SNK7010,2419783705,1228959918,0,hard_negative
train_943991353,train_4074598251,TVF Footwear - Sandals - Semeru (Grey Gum),[11.11 SALE] M Footwear - Sepatu Sneakers Pria Casual Import - SNK7036,2419783705,589759685,0,hard_negative
train_943991353,train_1955080066,TVF Footwear - Sandals - Semeru (Grey Gum),Sepatu Sneakers/Running Pria Footstep Footwear - Soho Navy,2419783705,2592062915,0,hard_negative
train_3179764542,train_1955080066,[11.11 SALE] M Footwear - Sepatu Sneakers Pria Casual Import - SNK7010,Sepatu Sneakers/Running Pria Footstep Footwear - Soho Navy,1228959918,2592062915,0,hard_negative
train_4074598251,train_1955080066,[11.11 SALE] M Footwear - Sepatu Sneakers Pria Casual Import - SNK7036,Sepatu Sneakers/Running Pria Footstep Footwear - Soho Navy,589759685,2592062915,0,hard_negative
train_3096365585,train_4240095430,Koepoe Koepoe Perisa Vanila 20gr,Lada hitam bubuk koepoe koepoe 83gr,703153021,1903575613,0,hard_negative
train_3096365585,train_2276173328,Koepoe Koepoe Perisa Vanila 20gr,SP Koepoe Kupu 30Gr - Pengembang Bolu - Pengemulsi Kue - Pengembang,703153021,154333354,0,hard_negative
train_3096365585,train_2805477266,Koepoe Koepoe Perisa Vanila 20gr,Koepoe koepoe Cabe Bubuk 1000 gr,703153021,402012847,0,hard_negative
train_3096365585,train_2493487339,Koepoe Koepoe Perisa Vanila 20gr,Koepoe koepoe Baking powder 1000 gr,703153021,1081931341,0,hard_negative
train_3096365585,train_1497731060,Koepoe Koepoe Perisa Vanila 20gr,Koepoe Koepoe Baking Powder 1kg,703153021,1081931341,0,hard_negative
train_3096365585,train_1806248089,Koepoe Koepoe Perisa Vanila 20gr,Koepoe Koepoe Lada Hitam Bubuk Merica 83gr Black Pepper,703153021,1903575613,0,hard_negative
train_3084633116,train_4240095430,baking powder koepoe kupu baking mix,Lada hitam bubuk koepoe koepoe 83gr,3691038452,1903575613,0,hard_negative
train_3084633116,train_2805477266,baking powder koepoe kupu baking mix,Koepoe koepoe Cabe Bubuk 1000 gr,3691038452,402012847,0,hard_negative
train_3084633116,train_2493487339,baking powder koepoe kupu baking mix,Koepoe koepoe Baking powder 1000 gr,3691038452,1081931341,0,hard_negative
train_3084633116,train_1497731060,baking powder koepoe kupu baking mix,Koepoe Koepoe Baking Powder 1kg,3691038452,1081931341,0,hard_negative
train_3084633116,train_1806248089,baking powder koepoe kupu baking mix,Koepoe Koepoe Lada Hitam Bubuk Merica 83gr Black Pepper,3691038452,1903575613,0,hard_negative
train_4240095430,train_2805477266,Lada hitam bubuk koepoe koepoe 83gr,Koepoe koepoe Cabe Bubuk 1000 gr,1903575613,402012847,0,hard_negative
train_4240095430,train_2493487339,Lada hitam bubuk koepoe koepoe 83gr,Koepoe koepoe Baking powder 1000 gr,1903575613,1081931341,0,hard_negative
train_4240095430,train_1497731060,Lada hitam bubuk koepoe koepoe 83gr,Koepoe Koepoe Baking Powder 1kg,1903575613,1081931341,0,hard_negative
train_2276173328,train_1806248089,SP Koepoe Kupu 30Gr - Pengembang Bolu - Pengemulsi Kue - Pengembang,Koepoe Koepoe Lada Hitam Bubuk Merica 83gr Black Pepper,154333354,1903575613,0,hard_negative
train_2805477266,train_2493487339,Koepoe koepoe Cabe Bubuk 1000 gr,Koepoe koepoe Baking powder 1000 gr,402012847,1081931341,0,hard_negative
train_2805477266,train_1497731060,Koepoe koepoe Cabe Bubuk 1000 gr,Koepoe Koepoe Baking Powder 1kg,402012847,1081931341,0,hard_negative
train_2805477266,train_1806248089,Koepoe koepoe Cabe Bubuk 1000 gr,Koepoe Koepoe Lada Hitam Bubuk Merica 83gr Black Pepper,402012847,1903575613,0,hard_negative
train_2493487339,train_1806248089,Koepoe koepoe Baking powder 1000 gr,Koepoe Koepoe Lada Hitam Bubuk Merica 83gr Black Pepper,1081931341,1903575613,0,hard_negative
train_1497731060,train_1806248089,Koepoe Koepoe Baking Powder 1kg,Koepoe Koepoe Lada Hitam Bubuk Merica 83gr Black Pepper,1081931341,1903575613,0,hard_negative
train_780136397,train_3270828831,Tongsis bluetooth /Tongsis 3 in 1 Tongsis + Tripod + Tomsis Bluetooth,TOMSIS Bluetooth Shutter for iOS Android Selfie Tongsis,1183817992,337384748,0,hard_negative
train_3270828831,train_3841784810,TOMSIS Bluetooth Shutter for iOS Android Selfie Tongsis,tongsis 3 in 1 bluetooth plus tripod plus tomsis tongsis monopod simpel selfie stick bluetooth,337384748,1183817992,0,hard_negative
train_2947688596,train_2616860879,Pulpen Stylus / Ballpoint Pen Medium,Adonit jot pro stylus pen drawing android,4019524456,719867603,0,hard_negative
train_2345031110,train_340890334,Kering Kentang 200 gram Pedas Manis Ummu Risalah,Buku Risalah Tuntunan Shalat Lengkap - Cara Urutan Bacaan Sholat Besar,4209365826,3758190591,0,hard_negative
train_4029929676,train_2894665583,Amtech Klem C Set 3 Pcs / Clamp C Set / Penjepit Catok Kayu 1 2 3 Inch,CREAM HN ORIGINAL 15GR HARGA RESELLER,3685949317,3365517875,0,random_negative
train_853713562,train_1325756868,BOX CONTAINER MAX SHINPO CB 95 / TEMPAT PENYIMPANAN BARANG SERBAGUNA BOX MAX SHINPO CB95,NOTA LIVE 1 KG 140.000 - 235.000,1743339350,2367461313,0,random_negative
train_1168202336,train_4062952348,AFI - EC - Tanktop NH08 / Tanktop Tali Polos NH 08,(2KG) SHENAR RAK BUKU 3D 1X5 SUSUN ZAMAN NOW,4023429368,1245245655,0,random_negative
train_2896625312,train_2300193253,Junnov dress jeans,Baskom talenan/Talenan serbaguna,4173091948,172574479,0,random_negative
train_412266008,train_4243480334,"*TERLARIS* Mermeid in love , Kostum mermaid sisik, nemo , Aril , koi , LOL , Ricis , arsy dan frozen",Keset Cendol Microfiber 40x60cm Chennile / Keset Bulu Empuk Alas Kaki Murah,2201732085,3974359550,0,random_negative
train_1666219752,train_2662076925,KARET IKAT RAMBUT KPOP BTS BT21,Botol Minum Kaca Animal,68384080,471594370,0,random_negative
train_1864265939,train_2169688018,[Bayar Di Tempat]Topi Baseball dengan Hiasan Telinga Kucing Lucu untuk Anak Laki-laki / Perempuan,Delmonte saus tomat 140 ml,3240390930,2045872578,0,random_negative
train_268885152,train_2458177985,Royal Canin Indoor Long Hair 400GR Fresh Pack Makanan Kucing Bulu Panjang,Paper Clip Klip Trigonal No.3 Joyko,2638757655,3185235412,0,random_negative
train_423064729,train_2591707079,ORICO 2020U3 2.5-Inch Hard Drive Enclosure,[MJS] Bosch 33-piece X-Line Set Mata Bor Mata Obeng Variasi Asli Original Kuat Tahan Lama Anti Karat,3860087248,3198622941,0,random_negative
train_330917563,train_3335133287,TATA GLOW LUXURY (PAKET PENGELUPASAN) CREAM PEMUTIH WAJAH,Surya Stick n Click Lampu Emergency Lamp Tempel 3 Led,3798148356,3583220000,0,random_negative
train_1483818866,train_1399677258,Sandal Slop ELMO Import Balance 1603-M1 Fashion wanita dewasa,Popok Dewasa Tipe Perekat size XL,2539205202,3648260272,0,random_negative
train_1617482268,train_3962744211,Balon Bando Hewan / Animal headband balon karakter pesta anak,JAM TANGAN RUBBER S-SPORT 1790 DIGITAL TERLARIS JF038,302961006,2520693002,0,random_negative
train_3266025681,train_2640918643,Wardah Scentsation Joyful Body Mist 100 ml,Kaos Kaki Anak Bulu Motif,3894013170,1087947892,0,random_negative
train_3067118885,train_3907251263,Backlight Keyboard Mini i8 Air Mouse Keypad Wireless Touchpad Rainbow BACKLIT,MASKER KAIN KATUN 3PLY BERMOTIF [DEWASA],601576407,4140108713,0,random_negative
train_88066819,train_234024597,Lipstick aloe vera,Kitchen Tools Spatula Sendok Masak 1 set isi 6,1912390233,2156459496,0,random_negative
train_3647647135,train_4266395532,Spidol Joyko CLP-04 Color Pen 12 Warna Washable Mudah di hapus,KEYGLOW Magic Acne,3395604817,4183511399,0,random_negative
train_1548356037,train_2255365289,Kemeja Rayon Viscose Wanita Motif Pattern Shirt - Season 5,MERRIES PREMIUM NB24/S24,3851984203,127799527,0,random_negative
train_1930023820,train_2072061027,Slipon Venom Halilintar,(bisa grosir) Gluta Collagen SOAP Beautetox (free jaring),655415061,159351600,0,random_negative
train_4160910470,train_3244613785,Lock & Lock Classic Food Container SQUARE SHORT 870ML,RDX Vendeta Helm Half Face - Solid White L,314335243,3210093153,0,random_negative
train_561270432,train_2753534142,GUJHUI Orange HOT Puff SPONGE,Baju Koko Pria Gus Azmi Syubbanul Muslimin Kombinasi Hadroh Azzahir Hilw HO187 KEMEJA KOKO PRIA BAJU,4141124289,1918908464,0,random_negative
train_658509789,train_2723180554,SHARE IN JAR BOTTLE NACIFIC Toner Origin Serum fresh herb phyto niacin whiteninh essence,WARDAH RENEW YOU ANTI AGING INTENSIVE SERUM 17ML,2843883548,1334396542,0,random_negative
train_402857321,train_3653987071,Ready Stok !!! Buku Modul Cerdik TPS UTBK SBMPTN (100% ORIGINAL),KAOS PRIA LENGAN PANJANG baju kaos polos katun combed murah,4244588097,2550723750,0,random_negative
train_525980359,train_623546295,\xe2\x9c\xa8Bayar di Tempat\xe2\x9c\xa8 Kacamata Hitam Korean Ulzzang Triangle Vintage Cat Eye Sunglasses Women Men 1PC 2020,SCARLETT ACNE SERUM & BRIGHTLY EVER AFTER SERUM,467563247,1163569239,0,random_negative
train_2755043437,train_4150489284,Holder Gurita Hp Motor / Mobil / Universal,Lactacyd Baby Cleansing And Moisturizing Sabun Bayi 60ml,217735569,1235830581,0,random_negative
train_2527363655,train_3785351664,Case iPhone SE 2020 11 Pro X XR XS Max 6 6S 7 8 Plus Soft TPU Phone Case Motif Morning Smile,CELANA panjang JEANS pria GRADE BOMBOGIE (COD) bisa bayar di TEMPAT,1443514486,2339083655,0,random_negative
train_1185861938,train_27407468,Masker Kain Katun EARLOOP Tali Karet Bisa Insert Tissue Double Cotton 2 Lapis Ply Merah Putih Hitam,Chilkid PHP 800gr  Chil Kid PHP 800 gr Chil Kid P-HP 800 gr,1209681012,909552595,0,random_negative
train_1286268457,train_2129257690,towing strap sparco merah,Loreal UV Perfect SPF 50 PA++++ Long UVA,1017256196,2423456155,0,random_negative
train_3312232868,train_2383415605,RAK PIRING SETAINLES 2 SUSUN,Notebook Desain Planet Kreatif Untuk Kantor,3228859801,2173543209,0,random_negative
train_1917381233,train_772803378,Kaikki Selfie Ring Light Selfie Stick LED Lampu Selfie BulatFCC CE Certificat Untuk Kamera HP,Kodomo body wash 250ml,2259957740,2829513103,0,random_negative
train_2746222772,train_3485057717,Ez Jet Water Cannon Selang Cuci Mobil Semprotan Air Dasyhat,SOMEBYMI AC SOS KIT / SNAIL TRUECICA REPAIR KIT/ YUJA NIACIN STARTER KIT,3482405723,2599759870,0,random_negative
train_1002969285,train_852886384,COD Pajangan bunga Artifisial PINUS MINI 2034,MURAH HEBOH !!! Diva beauty drink extra collagen ( isi 6 botol ),388379000,3131382260,0,random_negative
train_2768194168,train_2494367387,YOU Basic Collection Luscious Matte Lip Cream YOU Makeup,VIPBAZAAR Sambungan Kran FLEXIBLE Filter Air Anti Splash Shower Saringan Kran Air Keran,3675213976,3113678103,0,random_negative
train_1786645483,train_1911750895,Jam Tangan Wanita Sporty Baby-G BGA110 Crono Hiasan,GROWNLASH (ISI 2 PCS) eyelash serum Penumbuh Bulumata dan Alis / Melebatkan & Memanjangkan,777596345,2881672664,0,random_negative
train_2633099892,train_4152134147,MH526A Tempat Payung vintage StanD Payung Umbrella Organizer,Kaos distro Astronaut AST BITCOIN Astronout Space  - Allsize fit L,3036742364,3282902911,0,random_negative
train_4267624923,train_1842676210,Plextone G30 Headset Gaming Stereo Bass Noise Cancelling dengan Mic,"Kapsul Mujizat Obat Asam Urat, Rematik, Pegal Linu, Sakit Pinggang, Nyeri Sendi, Stroke",3562154422,3087306003,0,random_negative
train_1264798465,train_1750956381,Headset Robot RE101S Handsfree Stereo Bass Wired Earphone 3.5mm Powerfull Trubass 1.2M,termurah Sewing Kit Box/ Set Perlengkapan Alat Jahit,4101248785,1652514766,0,random_negative
train_3950287676,train_1046448568,Electric mini mixer/Milk Frother/Pengaduk minuman/Pengocok telur,Turban Flower / Turban Bayi / Turban Anak,2748623227,1865784481,0,random_negative
train_1091296211,train_3944799082,IZANY Lakban Bening 100 yard CALLISTA Star tape,Ashtaki Creamy latte Coklat 120gr,1278551415,2359485225,0,random_negative
train_684593423,train_3008125303,Gamesir Gamepad 3 in 1 Ada Joysrick Bisa Standing,PARFUM PRIA MURAH DXOR SAUVAGE 100ML,1341231999,2116759637,0,random_negative
train_2153809545,train_2685594274,"b""ERTOS PORE MINIMIZER 20ML / SERUM PENGECIL PORI-PORI ERTO'S""",My taste Saus blackpepper 500 gram,1590776769,1163728238,0,random_negative
train_9159421,train_2040872393,LINPINK Jam Tangan Wanita dan pria QnQ / Jam Tangan Murah / Jam Tangan QnQ,Snow Dance Angel Girl Mainan Anak Cewek Frozen Sofia,2842683453,850483734,0,random_negative
train_3504341015,train_4290610065,Pulpen Gel Joyko 8 Warna Diamond GPC 309S,OPPO A31 2020 4GB/128GB Smartphone Garansi Resmi OPPO INODONESIA,320286773,35336103,0,random_negative
train_743586012,train_59093589,Tissue See U Hand Towels promo,Dompet N1311 PIDANLU Wanita Korea Heel Style,157711747,3680806664,0,random_negative
train_2558752130,train_2398391490,Aromaterapi Essential Oil Diffuser Paket isi 6 dan 14 pcs  - MD-PAKET - Dailylife.id,HX| OPPO A12 F1s F3 F5 Youth F7 F1 Plus F3 F9 F11 Pro A7 A5s A3s A37 A37F A71 A83 Realme U1 C1 2 Soft Doraemon Case,2537049916,1942511804,0,random_negative
train_2340183039,train_3158525372,SEPATU PRIA BOOTS SAFETY CROCODILE MORISEY SAFETY TRACKING,Ultrasonic Air Humidifier Aroma Essential Oil Diffuser 400ml with Wood Grain 7 Color LED Lights,53859343,2565954066,0,random_negative
train_1591026850,train_2361051771,GAMIS ELZATTA GAMIA AZRA HITAM,Kantong Spunbond Idul Fitri SEDANG ukuran 25 x 35 cm / 30 cm x 40 cm / Tas Lebaran Bingkisan Parcel,3890819527,1793489702,0,random_negative
train_2981896784,train_1402756026,LEM KOREA m2000 LEM SERBAGUNA EPOTEC MURAH,SOFTCASE BONEKA TIMBUL DISNEY SAMSUNG XIAOMI OPPO VIVO REALME,451207812,1145880227,0,random_negative
train_2736167015,train_3798230206,Oreo Biskuit Krim Cokelat 28.5 gr [1 Box Isi 12 pak],Set 2Pcs Kaos T-Shirt Lengan Pendek Gambar Kartun Kucing dan Celana Warna Pink,400535003,1591196550,0,random_negative
train_982333689,train_4265345721,"ROCELLA SETELAN BAJU OLAHRAGA MUSLIMAH , SET BAJU  SENAM & YOGA WANITA MUSLIMAH",Sarung HP Waterproof Bag Smartphone Cover Anti Air Cell Phone Mobile,322955637,2108076530,0,random_negative
train_3978236021,train_2180500239,7in1 Stick Cup Standing Balon + Tatakan / Tiang Dekorasi Balon,Kaos Anak Laki-Laki Karakter Spongebob Size 1-10 Tahun || Kaos Anak Cowok Karakter Termurah,2315452163,1388298198,0,random_negative
train_1256952895,train_293535406,SNEAKERS PRIA NEW FASH,HL VOAL by Heaven Lights,3815469593,2779526092,0,random_negative
train_4178540788,train_2017925686,SNOWMAN BRUSH PEN SATUAN,EQUILIBRIO KITTEN 7.5 KG + 750 GR,1459772737,3798354492,0,random_negative
train_1054044430,train_1614896005,Ellips Hair Vitamin Rambut jar isi 50 pcs,Elbayou el bayou Elbayu el bayu obat penyakit ikan sakit 5 gr,10069919,2305929332,0,random_negative
train_2454463734,train_3448755423,Blackmores Kids Fruity Fishies BPOM Kalbe - 30 kapsul (omega 3 anak),Gunting Besar Joyko SC-848,1907964787,1666719316,0,random_negative
train_4120777660,train_1677762632,Viva Hand & Body Lotiona Asmara Cendana 100 ml,HC Aksesoris Boneka Bergoyang LED+NYALA SPRING DOLL Tempelan Mobil Karakter Emoji Emoticon,2023468015,729994958,0,random_negative
train_1812954730,train_1873230908,Pisau Stainless Buah Pisau Apel Pisau Sayuran,TASBIH DIGITAL,952183003,3665152909,0,random_negative
train_3323098150,train_692156700,TFbaby LED Sepatu Sport First Walker Casual Bayi Laki-laki / Perempuan Bahan Katun dengan Lampu,TAO KAE NOI BIG ROLL CLASSIC SEAWEED GRILL - SNACK RUMPUT LAUT 3.6GRAM,798247050,1669678563,0,random_negative
train_397336284,train_2641276510,Cream Wajah HN Hetty Original 15gram + Serum Gold Hanasui,Dress Tutu Princess Lengan Pendek Bahan Lace Lembut untuk Perempuan,4162041121,4199031478,0,random_negative
train_1266998466,train_3013055580,Sepatu Badminton Flypower Losari 3 03 Mendut Original,Celana trening pendek kaos | celana kolor pendek adidas L XL,3283497182,2076386471,0,random_negative
train_2498237014,train_3821881303,ON Flex Pants,Frisian Flag UHT Zuzhu Cokelat 36x115ml,1787865498,3740972720,0,random_negative
train_3341577644,train_4203830660,tas c684,Prochiz cheddar keju 170gr. Prochiz Gold cheddar 170gr.,720695533,4224340559,0,random_negative
train_3687993384,train_746683280,Bubble Wrap (plastik gelembung),Cimol Mozzarella isi 20 pcs,309010310,2519284380,0,random_negative
train_2387967139,train_699619998,NEW NIKE AIR PRO,Back Pack Double Decker_Tas Ransel Anak_Lol_Unicorn_Superhero_Paw Patrol_Shopkins Motif DINO,1099267856,166326758,0,random_negative
train_1121625106,train_3871434011,Parfum Wanita YSL Mon Paris 100ml,Dispenser Sabun Cair 2 in 1 With Key Lock 2 Tabung,3762441003,2641040768,0,random_negative
train_548561316,train_1470010678,Laurier Super SlimGuard Night 35 cm 8S,DASTER RAYON BUSUI GRADE A SEMATA KAKI,1519131570,3573707055,0,random_negative
train_3167295381,train_3716226540,SELMA XXL DRESS SHF LD116/PJ141 ALLSIZE Gamis Satin Tile Bridesmaid Kondangan Cantik OOTD SHF,[Flash Sale] NAZWA SYARI size S M L | Busana Muslim Terbaru | Cassual,1662373776,1502867226,0,random_negative
train_1998567246,train_542112535,DAAI MIE GORENG VEGAN - CHAMPIGNON 110GR,Blue Band RICE MIX 45gr,726670779,479122246,0,random_negative
train_2069084742,train_1192347106,NOVHI - SANDAL WANITA OKT 03,Rak Sudut Siku 3 Susun Dinding Pojok Kamar Mandi Toilet Stainless Steel Multifungsi Tempat Sabun,4176763891,2426743375,0,random_negative
train_2145462141,train_3385080340,LifeSpace Probiotic Powder for Baby 60gr,Sandal Jepit Motif Balon Terbaru Termurah,2069743339,3493797951,0,random_negative
train_756302162,train_3304208423,Kopi Ginseng CNI,CAVIPLEX MULTIVITAMIN,2961827586,4085784223,0,random_negative
train_2679938050,train_3497203178,Pigeon Cotton Swab Small Tip 100pcs,HADA LABO Gokujyun Alpha Essence 30gr,1776011373,3783861040,0,random_negative
train_3639186599,train_3625682355,WBS \xe2\x9c\x85COD FREE BATERAI JAM TANGAN PRIA WANITA APPLE WATCH IPHONE RUBBER TOUCH SCREEN LED KOREA AP015,Devita maxi,834544767,1745551709,0,random_negative
train_3656090860,train_8099728,Shopee Lakban (1 pcs),Emina Creamy Milk Cleansing Lotion 50ml,836450964,2613248498,0,random_negative
train_1952855662,train_1798985075,[CELUP] TEH JATI CINA CELUP / TEH DAUN JATI CINA / TEH PELANGSING / TEH HERBAL ALAMI,Planter Bag Murah 50Liter/40x40 kantong pot polybag,3173716369,1125219914,0,random_negative
train_3763177524,train_2380602609,COVER / TUTUP BELAKANG XIAOMI REDMI NOTE 2,Rebook Sendal Merah Import Sandal Reebok Slop Abg Sport Flip Flop Slide Pria Wanita Premium,2920994394,1929952991,0,random_negative
train_3702636634,train_2483283096,Vitalong C Isi 30,OVERALL MILA MIDI OUTHER TUTU MOSCREPE,1851642269,329382788,0,random_negative
train_3978299913,train_1799717679,Hippo Adapter OTG Type C ( USB to Type C 3.0 ) Xiaomi Samsung Type C,(BISA COD) SEPATU CONVERSE 70s LOW SNEAKERS CONVERSE ALL STAR CLASIK PENDEK PRIA WANITA IMPORT,815957098,1169876123,0,random_negative
train_534046076,train_521084183,Mascara Wand (SATUAN) / Mascarawand,Hm pw A1 rak kamar mandi persegi panjang multifungsi 1 pcs,2916181532,3950258671,0,random_negative
train_1712419550,train_1293290246,Baby Safe Collapsible Drying Rack DR003 Rak Botol Susu DR003,NUTRILON ROYAL 3-4 Vanila/Madu 800gr PROMO JSM,3727456115,3199321498,0,random_negative
train_2704763742,train_817759483,Humidifier Diffuser Purifier Ionizer Atomizer Aromaterapi Ultrasonik Model Rusa Hadiah kecil gratis,Tabita Glow Mini Ekonomis Size,1969720046,536100807,0,random_negative
train_1414871231,train_3505474836,(Xoss G+)Bike Wireless GPS Speedometer Waterproof Road Bike MTB Bicycles Backlight Bt ANT+ with Cadence Cycling Computers,"Hand grip Foam Fitness Untuk memperkuat Tangan Original Speeds 011-05 isi 2 pcs,6bag=1.3kg",1922845563,604966629,0,random_negative
train_1486410344,train_3407993045,Glowing Serum BPOM - Skinsena,Singlet Agree Balita Kaos Dalam Anak TK SD,1545796831,3360770165,0,random_negative
train_1775247709,train_2923849460,3M Scotch Brite SABUT HIJAU 4X6 INCH ID-10,Kolago kola go Obat Untuk Nutrisi Sendi Dan Tulang,2888255229,4101480140,0,random_negative
train_1262089227,train_763681626,\xe3\x80\x90Bayar Di Tempat\xe3\x80\x91HANDAIYAN Makeup Lipstik Matte Tahan Air Tahan Lama beautyhouse makeup,The Body Shop Aloe Foaming Facial Wash 150Ml,3215053587,426273857,0,random_negative
train_718442310,train_1891687586,Koko bordir bapak anak bordiran no 1 kualitas bahan terbaik,PAKET JERAWAT & FLEK HITAM (PAKET SKINCARE ACNE GLOWING & WHITENING GLOWING),54752116,512666121,0,random_negative
train_36277123,train_385332599,BOXY V-NECK VIONA / Boxy Vneck Sweater /atasan wanita rajut halus / baju rajut wanita / boxy Viona,Omura Panna Cotta Coklat 87gr,1534504074,3949204408,0,random_negative
train_2898485228,train_2265745652,Spidol Snowman Brush Pen BM 1 komplit 36 warna,(27AN.ID)Bando H55 Wanita Korea / Bandana Wanita B8,1459772737,3515394634,0,random_negative
train_1765712908,train_257262133,sandal japit santai anti kesemutan bahan karet,SILIKON 3D RUBBER CASE XIAOMI REDMI5A REDMI6A REDMI6 REDMI7 XIAOMI NOTE 7,3941778140,4033253323,0,random_negative
train_1773789522,train_179294358,Kaos Kaki Angkle Polos,KC Eor BLASWJHH Dual Driver 4 Unit Earphone In-ear Heavy Bass HiFi dengan Kabel,1091404026,18580956,0,random_negative
train_1815231326,train_4260793075,SEPATU PANTOFEL WANITA FARADELA F02-64.5,Popsockets Universal for Smartphone,539300316,293333952,0,random_negative
train_3189871060,train_2357168229,THE ORDINARY aha 30% + bha 2% Peeling Solution,Kaos Kaki Motif Polos Imut,3430867873,1091404026,0,random_negative
train_1937088945,train_2679447132,[70gr] Masker Organik Coffee by Yoqueen Beauty,Silkoro Serum Vitamin Rambut 200ml (BESAR),1778775267,1364967438,0,random_negative
train_1425307222,train_3648207151,JAKET PRIA KASUAL KAIN TASLAN PREMIUM IMPOR,Botol Minum / Regen Bottle 1000 ml Lion Star Murah,1425740845,4171699659,0,random_negative
train_433534487,train_1117596945,Makser Kain Katun 2 Lapis / Masker Hijab Non Hijab Tali Karet / masker Kain Polos,Saringan Wastafel Penutup Lubang Saluran Air Anti Sumbat - BINTANG KT-20,2388755798,1688962697,0,random_negative
train_4019729350,train_3203272223,Marwah Bright Teatre plus serum free pouch Cantik Original BPOM,Aseptic Gel Hand Sanitizer 500ml refill OneMed,1438196802,2177903155,0,random_negative
train_3208872172,train_1667787081,HP Stand Holder Dudukan Smart Phone Gadget Docking R29,Lunch bag animal / tas bekal anak/ tas bekal tahan panas,3127658454,3121045148,0,random_negative
train_1983573294,train_428511371,Alat Pijat Kepala Bentuk Gurita untuk Menghilangkan Stress (Bayi),Pediasure Triplesure 400 Gram Rasa Madu / Pediasure Kemasan Baru,3035635302,4089596260,0,random_negative
train_1186254058,train_3065290614,TANIA BLOUSE GOLD,Wantong JAMU Original ( Serbuk),3063804201,2998314427,0,random_negative
train_928469576,train_710709799,Cetakan Bento isi 3 pcs : Aneka Cetakan Nasi Lucu Unik,BAYAR DI TEMPAT - Jam Tangan QQ Strap Rubber,904616841,2842683453,0,random_negative
train_233926415,train_3914548706,12/24pcs Kuku Palsu Dengan Lem Perekat Dua Sisi Fleksibel Untuk Nail Art,Miniso Marvel Bento Box 360ml,1378438916,2748820882,0,random_negative
train_3652569685,train_1130274962,\xe2\x9d\x80 Chingu \xe2\x9d\x80COD Sport Bra Kain Tanpa Kawat Busa Wanita Seamless Sexy Fashion Korea Ice Silk Bh Import,VIVA AIR MAWAR 100ML ORIGINAL / AIR MAWAR VIVA PENYEGAR,430178566,562358068,0,random_negative
train_1599603727,train_3620599811,"Pelet Mem 200-300 Mikron 100gr Gram (Pakan Ikan Hias Cupang, Guppy dll)",ORCA STORE - Slim Fit Chino Khaki  / Celana Panjang / Celana Chino / Celana Panjang Chino,3504038932,2055125008,0,random_negative
train_689313100,train_3648491997,FION HAIR SERUM 135ML,Kain stoking untuk bunga ready lengkap,3147726258,342878230,0,random_negative
train_709712976,train_1889203732,OBAT BONDING Y 2000,Dompet lipat wanita mini-ruby,1904283372,3766516310,0,random_negative
train_2670423013,train_2445211848,Brilliant Couple Original Solo Hijab / Sohib Kemeja + Gamis Syari Longdress Maxi Toyobo Polos,Garnier Light Complete White Speed Serum Day Cream Extra SPF 36/PA+++ Skin Care - 50 ml,2945011912,2725797685,0,random_negative
train_3249593670,train_4196934799,Munafie Korset Celana Munafie Slimming Pant Korset Pengecil Perut Celana Dalam Korset ALL SIZE,Mukena Tazbiya Artline Roses Grey,957199633,3241981495,0,random_negative
train_244763076,train_1296180287,READY STOCK - PARFUM THAILAND 35ML,GAMIS JUMBO UK L XL XXL XXXL 5L LD 100 110 120 130 140 BAHAN MOSCRAPE LEMBUT JATUH,3853326780,436062812,0,random_negative
train_1338689336,train_4071389067,Kasur Bayi Kolam Kelambu The Pooh,Star Cam SC 23 M Regulator Gas,2049724136,244889631,0,random_negative
train_675842483,train_655743445,TERMURAH Kemplang Ango Besar Asli Khas Lampung Enak,Tenda Anak Model Indian Play Tend Indian Style Tenda Main Anak,2778287870,137876122,0,random_negative
train_2882234937,train_2535876244,Kanebo Refil Polos Sedang - Grosir - AION Plas Chamois Mobil Motor Kain Lap MICROFIBER,RX FASHION NIKI BLOUSE / NIKI TOP / BLOUSE LAYER / ATASAN LAYER BAHAN TWISCONE FIT L 1R,821583868,1350175811,0,random_negative
train_1931559900,train_2940867281,BREASTPAD MATERNITY 50 PADS,Tripod - Spider Mini Tripod Stand Monopod for Camera #FE060,3814390525,359918838,0,random_negative
train_330917563,train_3219501503,TATA GLOW LUXURY (PAKET PENGELUPASAN) CREAM PEMUTIH WAJAH,Deli Pulpen Ball pen Cetek halus - Warna Hitam [0.5 mm] EQ02420,3798148356,3468682012,0,random_negative
train_204156095,train_4162065845,Herborist Aloe Vera 98% Gel - Tube 100 g,FLARE SKIRT (NEW FREXA),98002181,3197346856,0,random_negative
train_2300751667,train_308734330,Dettol sabun batang 105gr (isi 5),Corong air minyak kecap silicone flexible serbaguna,560030947,3420835646,0,random_negative
train_750011650,train_2705824587,CREAM SP THAILAND ORIGINAL / JUAL PER BOX ISI 12PC,Brush Kosmetik / Makeup dengan Gagang Plastik Bening Kelapa,3460538113,2813044206,0,random_negative
train_2221341364,train_363659042,Dar Masker Wajah Ekstrak Rumput Laut Berat 15g Untuk Melembabkan/Memutihkan/Menutrisi Kulit,Lemari Pakaian Plastik Olymplast Odc 04 Susun 4 Multicolor A3B2 Alumunium Susun Geser,114829279,2831184769,0,random_negative
train_341249615,train_122735420,SARUNG KAKI DAN TANGAN,TAS AXELARD SOPHIE PARIS,1050720153,2019842229,0,random_negative
train_2094248288,train_149323111,A-05 CINCIN PERHIASAN MOTIF DAUN KOREAN STYLE AKSESORIS,Bantal Olus Pillow Bayi - Bantal Anti Peyang untuk Terapi dan Kesehatan Bayi,1897963080,151221854,0,random_negative
train_3721308865,train_1759919213,KIRIM SETIAP HARI!! GLUTA COLLAGEN SOAP BEAUTETOX CHOCOWHITE WHITEMILKY,Rasha_Sepatu adidas alphabounce terbaru size 36-44.. Bisa cod..!!!,159351600,3027068648,0,random_negative
train_3758923344,train_538180019,TOWING STRAP SPC TOWING DEREK KAIN BORDIR DEREK MOBIL BAGUS,BMKS Minyak Kemiri / black magic kemiri oil ASLI 100% ORIGINAL BPOM,1017256196,2553530933,0,random_negative
train_2639897193,train_3996100797,BOX HANASUI NATURGO MASKER BPOM,IU Girls Summer Short-Sleeved Princess Sling Dress,253827798,1703080211,0,random_negative
train_542742596,train_3344548852,Apd face shield up and down,ADAPTER OTG CONVERTER MICRO USB TO USB 3.1 TYPE C MURAH,3941778140,4038613836,0,random_negative
train_3823789790,train_1334962197,Khimar pet simple bahan diamond crepe,Buku tema 8 kelas 3 sd kemendikbud,521639765,4245771399,0,random_negative
train_1273060058,train_4052168930,ORIGINAL Deker Specs Aeroframe Shinguard Navy / White,SATU ALAT JEPIT RAMBUT| KARET RAMBUT RABBIT IMPORT,2121606149,3709326162,0,random_negative
train_4270914492,train_3130762168,Lemonilo Mie Instant Sehat 70gr - Mie Organik /Audrey Baby Shop,TALLY 1682 Singlet Cup Seamless Bahan Pori Memiliki Busa Cup,3123493047,2811896546,0,random_negative
train_776624905,train_603506205,TAS IMPORT CANTIK E364/T07448/L1572/C7012/B2594 TAS JAKARTA TAS CANTIK TAS MURAH TAS GROSIRCODE,READY Baso Aci Bapper Tulang Rangu (Boci Bapper),4289436741,868683495,0,random_negative
train_3017064859,train_3730238611,Benton Fermentation Eye Cream,hijab niqob wahyu by safira hijabnj,3328069909,3768186621,0,random_negative
train_3542367375,train_1041715554,BAJ JAM TANGAN APPLE WATCH IPHONE RUBBER IMPORT TOUCH SCREEN LED DIGITAL PRIA WANITA GROSIR,SCARLETT WHITENING ACNE SERUM - SERUM JERAWAT SCARLETT,834544767,1163569239,0,random_negative
train_1217957384,train_1888762509,"DR PURE PAKET SET (day cream, night cream, sabun)",Gamis rayon kancing Ld105 pb135 camelia,4226111444,2087590585,0,random_negative
train_3355961159,train_3681532274,TAS GELAS MURAH (ALAS TRIPLEK) READY STOK,Organic Goji Berry 250gr,2842565469,1288241822,0,random_negative
train_1489977047,train_755003837,Dot silicone Nipple Pigeon Nipple Toples / Silicone Standard Eco,3GB UL,1306578136,4238926989,0,random_negative
train_4066714436,train_674434125,My Fruit Kurma Tunisia 250 gr,Saffron Mask by HeyGurl! // masker organic || FREE SPATULA,2813639556,2027903738,0,random_negative
train_1380338571,train_2788619332,Mukena Anak Katun,Case VIVO Y20 Y20S Y20i Y30 Y30i Y50 Y12 Y12i V19 S1 Z1 Pro Y91 Y91C Y11 V15 V11 V9 Pro Y19 Y95 Y15 Y17 Y93 V5S Y81 Y71 V7 Plus Soft TPU Case Phone Covers Motif ENJOY,1850173157,1443514486,0,random_negative
train_3135354600,train_2930186018,HIJAB SAFETY MASK NIQAB ANT200I DEBU / HIJAB INSTAN / HIJAB SYRIA / HIJAB JERSY (PET),MAYCREATE MOISTURIZING LOTION/WHITENING SUNSCREEN SPF 50,4184214313,1141798720,0,random_negative
train_1506018586,train_1499198399,OTAJI Oseng Tuna Asap 500gr,KABEL TOPLES ISI 50 PCS MICRO USB VEGER 2.4A FAST CHARGING V101 BONUS TOPLES,2963928868,380780368,0,random_negative
train_3436400941,train_3989932163,Selendang Gendongan Batik Aanggur Hijau gendong bayi balita dan anak Bagus halus,Klairs Sample Sachet 3ml,528925376,801144485,0,random_negative
train_1978248604,train_2705159396,Dispenser Sabun Spon Kain Sabut Gosok Praktis,Gamis Anak Perempuan 5-11tahun 3tahun 4tahun 5tahun 6tahun 7tahun 8tahun 9tahun LETICIA KIDS,1562653554,1274738046,0,random_negative
train_1648575810,train_582890927,CREAM COLLAGEN siang malam original super holo GOLD besar ori colagen SEGEL ASLI,Ring Light/Led Lampu Selfie,3515027975,2259957740,0,random_negative
train_1257767947,train_2186458747,Arumanis rambut nene 1KG,Mini Sealer - Alat Perekat Plastik - Super Sealer - Hand Sealer Random,2161670443,1065450055,0,random_negative
train_787378662,train_3668342417,Baju Koko Pria Gus Azmi Syubbanul Muslimin Kombinasi Hadroh Azzahir Hilw HO187 KEMEJA KOKO PRIA BAJU,T10 - 12V-24V SILIKON FLASH (STROBO),1918908464,4213318239,0,random_negative
train_2210966531,train_1399757833,Pil manjakani kanza,Fikih Wanita - Fiqih Muslimah Panduan Ibadah Wanita Lengkap dan Praktis AQW,2440129820,1675042220,0,random_negative
train_2836222345,train_244324928,Chipboard mdf hiasan mahar the wedding,Sulem - susut lemak - pelangsing - original 100 persen,2758236886,3619569844,0,random_negative
train_4265978876,train_3460896619,Timbangan Digital Kitchen,Speaker bluetooth A2DP 208 speaker mega bas,718843702,1799186935,0,random_negative
train_876048634,train_1196350027,SPATULA 6IN 1 SERBAGUNA TERMURAH !!,Ikat rambut wanita spiral berbentuk kabel telepon,2156459496,3437394605,0,random_negative
train_3028610958,train_3253039656,DARK COLATA/COLATTA COKLAT BATANG 250GR,Pistachio Milk With Double Belgian Chocolate 137 180 ml,1826855584,2673473861,0,random_negative
train_798664679,train_3322266162,Pengait Bra Extension Penyambung tali BH 2 pengait Sambungan Bra Save,Kurma Sayer Al Saad 1 Kg / Oleh Oleh Haji Dan Umroh,2473560585,1583529373,0,random_negative
train_1799817756,train_545812551,Isolasi Nitto / Isolasi Kabel Listik Original,Spatula Bahan Silikon Untuk Mengaduk Adonan Kue,215362541,2283993328,0,random_negative
train_3332454754,train_3818114093,Kacamata Anti Radiasi (Design Korea) Pria dan Wanita Hijab - HM449 ( Group ),ROK PLISKET PRISKET  PANJANG WANITA MURAH REMPEL,1507150010,245619002,0,random_negative
train_680876417,train_360761066,"SARUNG TANGAN & KAKI BABY /pasang  RIB 1,900",Frisian Flag Karya 456 Vanila 400 Gr Box 400 800 1200,1050720153,3991519087,0,random_negative
train_3716985734,train_1070848474,Makida Babys Umbilical Truss (Sabuk Bayi Hernia / Pusar Bodong),[READY STOCK | WAJIB BACA DESKRIPSI] DAY6 3rd Album - The Book of Us : Entropy,3612765156,2906073580,0,random_negative
train_4080124942,train_1144177936,CARD HOLDER 14 SLOT ZIPPER + 1 SLOT MONEY ROSE GOLD / SILVER / GOLD / DOMPET KARTU,Kain Satin Roberto Cavalli/Roberto Cavali 100% pure silk kain satin sale!! 14.000,1903421090,1706249589,0,random_negative
train_1086903685,train_172802175,Maycreate lotion spray / sunscren lotion,SARANA21 Lakban FRAGILE Aurapack 90Y  SUPER LENGKET,1141798720,4287365797,0,random_negative
train_1989092534,train_3742569753,Wardah Instaperfect MATTE FIT Powder Foundation 14. Cr\xc3\xa8me 13 g,<asiutong2> HDD hard drive interposer adapter connector for dell latitude E6420 E6220 E6230,58498855,223614648,0,random_negative
train_3026047134,train_4274726423,TENDA F3 Router Wireless 300Mbps Hight Power Router,Rifle Scope - Teleskop Bushnell 4x20 - Teleskop Senapan Angin,2841123105,481088717,0,random_negative
train_2051863883,train_518391199,Swift Chopper Alat dapur rumah tangga penggiling sayur buah lombok,Shamira top / fit to xl / mat wolfis,1345134144,696649385,0,random_negative
train_580703821,train_760849799,(COD) Stagen Korset Perut Korset Pengecil Perut Perekat,Masker scuba anak-anak gramasi 280,2345549492,3193912394,0,random_negative
train_3968160796,train_3416091803,"High Quality T-Shirt Pakaian Pria KAOS KOMBINASI Keren Kekinian,3 Warna Pilihan Int.S.M.L.XL.XXL",Tempelan gurita / Perekat handphone HP gojek 3M / tentakel holder cumi gojek sticker silikon karet,51422340,1401540089,0,random_negative
train_422424269,train_4108241501,SPATULA PLASTIK SET WARNA DPT15,Kemeja dewasa XL muraah,2156459496,415175051,0,random_negative
train_2246803404,train_3888365793,EOR TS1 Earphone In-Ear Heavy Bass Dengan Kabel Plug 3.5mm untuk,Pembersih Pori Pori Wajah Spons Scrubbing Cuci Muka Lucu Bentuk Ubur-ubur / Brush Alat pembersihan,1941461708,3843257025,0,random_negative
train_3820897621,train_1444690218,MIYAKO HAND MIXER HM-620,[JNE JTR] Wardah White Secret Pure Brightening Cleanser 150 ml,1158368853,2889106060,0,random_negative
train_535763330,train_3524468610,Centong Sendok Kuah Soup Bahan Food Grade,Maruko Good Luck Tas Tote Bag Selempang 3in1 [C11],2387205804,3410487287,0,random_negative
train_147734119,train_3989863821,KABEL DATA OPPO VOOC 4A NEW PACK ORIGINAL F5 F7 F9 F1 Plus R15,Power Bank VEGER Ultimate X103 Slim 10.500mAH 2 Port USB Original Garansi 18 Bulan,3122029710,597664253,0,random_negative
train_2703178025,train_2512607642,MUKENA YASMIN TYARA REMPEL JERSEY PREMIUM,alat pemisah putih kuning telur egg separator sederhana,1509079434,417125601,0,random_negative
train_3943683166,train_3117832026,(PERPADS) Joyko Memo Stick MMS-1 | Post It Joyko MMS-1,Sajadah Motif Jasmine Turkey (Warna : Red Green) Serut/Seleting Sajadah Travelling/Haji/Umroh,4021769601,3102528391,0,random_negative
train_2334936493,train_1567803105,Wardah Instaperfect Mattetitude Matte Stain Lipstick,Dekstop Charger Universal 2 Slot baterai Senter Powerbank 18650,1932520499,3480496853,0,random_negative
train_3262429237,train_4044141741,Kimchi original sawi 500 gram dibuat oleh chef korea asli enak,SABUN PYARY ORIGINAL IMPORT SAUDI | 100% Original Garansi uang kembali,3267663970,3202881534,0,random_negative
train_555971921,train_498671796,\xe2\x9c\xa8\xe2\x9c\xa8 JAKARTA FT68501 TAS SELEMPANG WANITA HOT SALE TAS CEWEK TAS FASHION IMPOR TERMURAH,Lampu Tembak Lampu Kabut Lampu sorot Lampu Tambahan LED RTD E03 Original,3555381443,3722315479,0,random_negative
train_311753646,train_1887898537,MURAH Cover Asi CA-05 Celemek Apron Ibu Menyusui Bayi Baju Penutup Menyusui MPASI Perlengkapan Bayi,Joystick Stik Pc Gamepad Single Transparant M-tech,3399015096,2909585470,0,random_negative
train_2565641823,train_843236722,Nu Green Tea Original 450ml Botol,Kaos Distro Truck CCTV Baik Kaos Pria Cotton High Quality KaosOblong BajuCowok Tshirt Pria Katun,2265423245,2433402917,0,random_negative
train_859469363,train_1003561550,BELT WANITA EKSKLUSIF / IKAT PINGGANG SUPER TERMURAH (1kg=26pcs) / KONVEKSI.TERMURAH,Ft. SKMEI AD 1016 Jam Tangan Pria Original Quartz Analog Digital LED Anti Air Water Resist Watch,837990024,1033612501,0,random_negative
train_3072320167,train_3002584080,{HARGA GROSIR} BAHAN OXFORD - TALI KUAT TIDAK MUDAH SOBEK - BAHAN KAIN BANYAK WARNA MASKER HIJAB,iPhone X 7 8 Plus Rear Back Camera Protector Lens Case Ring,3747372412,3722403269,0,random_negative
train_3212718385,train_990799540,PARFUM JO MALONE ENGLISH PEAR & FREESIA 100ML,A97 Cairan Pembersih dan Pelindung Kaca Mobil Wiper Fluid HEMAT PRAKTISS,1102099093,1689755103,0,random_negative
train_403129915,train_480924531,DapurCantik Spatula Silikon Besar Food Grade Pengaduk Adonan Tahan Panas Anti Lengket - SPAB,Susu UHT Frisian Flag 450 ml Swiss Chocolate / Susu UHT Bendera,2373970180,845828384,0,random_negative
train_1926543178,train_1534091272,Momami Tooth & Gum Wipes 20s,Pick Gitar Alice Murah Pemetik Gitar  0.58 0.71 0.81 0.96 1.20 1.50,2998750975,4202956725,0,random_negative
train_1446056860,train_3758923344,Dahlia Freshener Refill White Daisy 80gr,TOWING STRAP SPC TOWING DEREK KAIN BORDIR DEREK MOBIL BAGUS,4019065378,1017256196,0,random_negative
train_1248486568,train_1972015433,LAZY NECK Lazyneck Phone Holder Tongsis Lazypod lazy pod Holder,V-GeN VCB-15 Cable Data Micro USB 2.4A,2014926580,1624811200,0,random_negative
train_1834233432,train_19822570,"Abstore, Grade Super A+ BIGGER Peach Gum, Peachgum Dessert Paket Super Komplit",Name Tag Strap Tali Gantungan ID Card Gantungan HP,1706699883,2441427275,0,random_negative
train_1244901027,train_698863428,Minyak Bulus Putih,Resik V Khasiat Manjakani/Whitening/ Ramuan Madura Whitening,703667902,2501855061,0,random_negative
train_88066819,train_181124553,Lipstick aloe vera,Mainan Anak Perempuan Make Up Set Frozen 3 susun,1912390233,3510706685,0,random_negative
train_130854284,train_1877390579,GAMEBOY RETRO FC400  PLUS STICK PLAYER 2,Sambal Bawang Bu Rudy,3891527925,1682488100,0,random_negative
train_1817367332,train_3632257309,Talenan 9 in 1 Multifungsi Baskom Pisau Parutan Serbaguna,Selimut Bulu 130x190 Tebal 350gr Halus Lembut Motif Dewasa Impor Murah,34039445,3100000309,0,random_negative
train_2861834875,train_4177666369,Original Habbatussauda Extra Propolis Trigona 200 Kapsul UMS | Habatussauda,Fitting Lampu Kombinasi BROCO E27 Hitam 226,333597397,629194124,0,random_negative
train_4176612977,train_3162954286,BACITUL baso aci tulang rangu sehot jawara pedas,Delmonte Tomato Paste 170 gr,2971446714,2050961554,0,random_negative
train_3785123351,train_2864340447,\xf0\x9f\x87\xb0\xf0\x9f\x87\xb7 Gyeol 2 Nano Collagen Powder + Vitamin C Lemona,ROK PLISKET JUMBO//ROK PLISKET JUMBO // Rok  Plisket JUMBO Muat Bb 50 s/d 80 Kg,1710630792,3085681416,0,random_negative
train_3830237130,train_441772249,WPC Pembersih Toilet Floral Botol 600ml,Jam tangan Pria anti air sunto core ( putar ),896796648,2453253252,0,random_negative
train_2502834656,train_2504884169,Vegeta herbal ( isi 12 sachet ),Simple Facial Wash Moisturising 150 ml,627560398,1035128795,0,random_negative
train_1293850979,train_2796403022,Cream herbal kemasan pot lama,MamyPoko Tape Mamy Poko NB44 NB 44 Popok NBS44 NB-S44 NBS,2597349312,3818449352,0,random_negative
train_2403261387,train_3100740271,Koko Anak Zidan  / Koko Supernova / Koko Pakistan Anak Lengan Pendek 1-12 tahunan,Konicare Baby Liquid Powder 125 g,2680389700,4195990258,0,random_negative
train_35082895,train_3759733339,Lazypod Jepit Lazy Pod Flexible,Breylee Step 2 Serum Wajah Pengecil Pori-pori skincare Pemurnian Pori Serum 17ml,355267809,3001123709,0,random_negative
train_2533441234,train_681952374,Colatta Dark Chocolate Compound 1 kg / Coklat Batang,BATERAI ABC ALKALINE AAA/A3-6pcs | BATTERY ABC ALKALINE AAA-6Pcs,1631158085,3980138021,0,random_negative
train_2344746744,train_756126675,Kaos Training Amor ( G-RIS ) / Baju Olahraga / Baju Running Ukr M~L~XL,Selfie LED / Lampu Selfie Bulat Untuk Kamera HP /Selfie Ring Light Rechargeable/Micro USB,794316241,2259957740,0,random_negative
train_928624809,train_2174159489,Purbasari Ultra Smooth Brow liner,CR MB143 Alat Perekat Plastik Hand Sealer Mini Perekat Snack Elektrik Bisa Lengket Di Kulkas,74156493,1065450055,0,random_negative
train_4104966543,train_4027901160,Flashdisk 64GB 64 GB/ USB Flash Disk Drive Transmemory Transfer Data,Acome Earphone Headset Super Bass 45 In-ear Angle Braided Cable Garansi Resmi 1 Tahun AW03,724553722,2357372960,0,random_negative
train_3052373051,train_3790921618,\xe2\xad\x90Gogoland\xe2\xad\x90 R015 MANGKUK MASKER SET / MANGKOK MASKER SET TERMURAH IMPORT JAKARTA,Bh Bra Sorex 65002 {Cup Sedang} Casual Comfort | Bra Busa Pakai Kawat |fjc#,342474231,2959461063,0,random_negative
train_3756859045,train_3258335386,Minyak Kemiri Al Qodry - Minyak Penyubur Rambut - Penumbuh Jenggot,iGLOVE TOUCH SCREEN / I GLOVE SARUNG TANGAN MOTOR GOJEK GRAB TOUCH SCREEN Cap,3000792516,66247839,0,random_negative
train_2950515831,train_2644296213,KACAMATA ANTI RADIASI PRIA WANITA,"b""Dr Brown's - Baby Wipes 25s x 1pack""",2596644198,3121859669,0,random_negative
train_3692626898,train_4018203372,Mukena Bali Dewasa Bahan Adem Terbaru Mukenah Motif Tas Cantik Lotus,Bamboe Bumbu Bali 49g,4076730450,2711633818,0,random_negative
train_419298261,train_3690236372,[IMPORT] - Sticker Glow In The Dark 100pcs Bintang Kecil Star Light Kode SG1,Kaos Pria / cewe lengan panjang satuan/grosir murah kualitas terbaik 100% katun,1397981172,2550723750,0,random_negative
train_4265678975,train_155190838,"b""Man's Search For Meaning""",(Free gift) MASKER PETAL ACONESKIN MASKER WAJAH ORGANIK,3936490926,2562350671,0,random_negative
train_502889264,train_4081561394,Handsfree Samsung S8 AKG Super Bass,Singlet gym pria v o black,3047206685,1973818980,0,random_negative
train_273002858,train_683629249,Minoxidil From Kirkland ORIGINAL 100% COSTCO USA,BONEKA BT21 BONEKA BANTAL WANITA MURAH KPOP / KPOP / EXO / BIGBANG / BTS / GOT7 / SEVENTEEN/ IKON,1448322775,1472202477,0,random_negative
train_356509462,train_1539749053,(1kg=6pcs) NIKI BLOUSE BAHAN MOSCREPE PREMIUM,[[TERMURAH...]] Sofa Odong odong karakter,1350175811,2537215415,0,random_negative
train_1345915637,train_106452932,Tissue Tisu basah kering Tempered glass anti gores kaca screen guard,(Bisa COD) Gamis Plisket Maxy / Gamis Plisket / Gamis Syar i Fashion Wanita,731330024,1599432429,0,random_negative
train_2576103491,train_3597621814,((IB))KAOS TUNIK SAKU KIRI DAN KANAN/BAHAN BABYTERRY BERKUALITAS,Satu Buah Potongan Rambut Keriting/Ikal/Bergelombang Tambahan Panjang Fashion Esensial,1487412379,4179463410,0,random_negative
train_4193869534,train_278611041,Pelindung Lutut Bayi | Kaos Kaki Baby Knee Pad Protector,Make Over Hyperblack Superstay Liner 1 g,983229802,3515627237,0,random_negative
train_898465245,train_518620329,Cream Macho Original Nutrisi Penyubur Penumbuh Rambut Jenggot Kumis Alis DLL POM,KOKO Baju Ayah Qonnoq Branded Panjang Pendek,2218919316,927526457,0,random_negative
train_2107190828,train_3199660393,Shampo Pantene Pro-V Rambut Rontok & Anti Ketombe/Dandruff 900 ml,[300gr] H027 | HANDUK BAJU DEWASA | HANDUK BAJU KARAKTER | WEARABLE TOWEL | HANDUK KIMONO,975885187,863127146,0,random_negative
train_3246977577,train_2986920724,Palmolive Ultra Smooth Shampoo & Conditioner 180 ml,Hot Drinks Milk Coffee Frother Foamer Whisk,3618287054,199893408,0,random_negative
train_1363178471,train_2174196001,TERBARU SEPATU Sneakrs Pria /wanita/SEPATU XBC SEPATU pria TALI HARGA ter murah COD,ACNOL LOTION 10 ML / LOTION FOR ACNE,3815469593,1746655739,0,random_negative
train_4234624579,train_1864893803,"Al Quran Al Mumayaz Ukuran Besar A4, Al Quran terjemah dan Tajwid warna",MORYMONY WAISTBAG JOJO - Tas Pinggang Wanita,3299888260,2718655384,0,random_negative
train_3653194517,train_1683316367,Stimuno Grape Sirup 60 Ml,Elisabeth dress BU,3641293012,155268050,0,random_negative
train_1150536592,train_3032242203,SOMEBYMI - [STARTER KIT] Snail Truecica Miracle Repair 4pcs Starter Kit #,TOTOLE KALDU JAMUR KEMASAN 80 Gr,3728839338,1958573404,0,random_negative
train_171291461,train_12552470,Schweppes Tonic Water Lokal 330 ml Can,KERTAS A4 100 GRAM PAPER ONE,3303274068,4058147459,0,random_negative
train_3048708494,train_2248541107,Dot Silicone SML Huki,The Deals of Warren Buffett - Glen Arnold,414776066,2118583142,0,random_negative
train_1395418405,train_2421599978,SS COLLECTION - Topi Rambut Kepang / Baby Hat Wig / Topi Bayi Rambut Kepang,Enzim Mixdent 93 gr,898324103,498326837,0,random_negative
train_2894171037,train_1797129489,ENGRAVE IT / ALAT UKIR / PULPEN UKIR ELEKTRIK,Aiken Instant Hand Sanitizer SPRAY 120 ML,934827064,4288613751,0,random_negative
train_151827288,train_1240249665,NATA DE COCO KOTAK 1KG - KARA,GAPOT GANTUNGAN POT SIKU SEMPATI KANDANG BURUNG RAK HIAS DINDING BESI TEMPEL STANDING POT HOLDER POT,493853173,2360824580,0,random_negative
train_1474800807,train_3112943472,MADAME GIE BEAUTY MUD ICING MASK - SKINCARE WAJAH MASKER LUMPUR MADAM GIE,Bantalan Alas Duduk Ventilasi Silikon Gel Cloud Posture Cushion EGGSIT,1211845219,3891255220,0,random_negative
train_2931326817,train_4199947058,Cream Hn original 15gr,USB HUB 4PORT SAKLAR ON/OFF,3365517875,1639967516,0,random_negative
train_2916855567,train_4089756195,Xamthone Plus | Xamthon | Juice Ekstrak Kulit Manggis Original,Goldenfil selai 1 kg,1063954610,3458021642,0,random_negative
train_1464663964,train_1643107217,[LOKAL] DOMMO - D1276 WAISTBAG 03 - Tas Pinggang Wanita,Anmum Lacta 400gr,4185663983,3764550029,0,random_negative
train_3255436889,train_1665093785,Atoom Bulan Ekonomis Sachet Bumbu Masak,LEGO Polybag 30361 City Fire ATV,3482040765,2593859070,0,random_negative
train_3897715894,train_1449662804,Softlens bening bausch&lomb daily 15 psg harian,LIVIA DRESS (GAMIS CINCIN KOMBINASI),2210325571,2671028494,0,random_negative
train_3177097685,train_3102552614,Herborist Body Butter 80 gr,Bokoma alat pijat kepala,2355439423,378982106,0,random_negative
train_3353910703,train_1184975473,Avent Natural Bottle 260 ml Single Pack,PRIMO Hand Gel Sanitizer Antiseptic Apel 1 Liter,1622585957,76570957,0,random_negative
train_4249499429,train_62464158,Dress Anak Perempuan / Baju Anak Bahan Scuba / Daster Anak / Baju Anak Prempuan Motif Unicorn,12 pcs celana dalam anak laki/perempuan 1-5 tahun,3558855285,1570542115,0,random_negative
train_2403866979,train_3673236292,Buah zuriat madinah  single termurah / doum promil / satuan / perbiji,BRAGG Apple Cider Vinegar 946 ml,1313575541,2705277659,0,random_negative
train_3342742673,train_2835899194,Sabun Cream Ekonomi Anti Noda Ungu Wangi Lavender EV 350 K Paket 5 Pcs,( YR ) MAINAN GIGITAN BAYI / TEETHER baby toy KERINCING,3516603836,2415538143,0,random_negative
train_1594856249,train_3125518001,"b""Loreal White Perfect Clinical New Skin Essence Lotion - L'oreal 175 ml""",BELI 2 GRATIS 1 Sabun Tzuki Perawatan Wajah | Sabun Tzuki Original | Sabun Tzuki Asli 100%,3299059416,3489985175,0,random_negative
train_2517779668,train_4270956187,Kitab al muyassar ilmu nahwu 3 jilid jadi 1 buku IAP atau yg di pisah2 3 buku,ERIC KOKO Kemeja koko pria Lengan Panjang Bahan Katun Popline Veros Bahan DIJAMIN Tidak Menyusut,1826865327,1906490599,0,random_negative
train_3375359724,train_167555083,Nuvo Liquid Soap Merah Botol 250ml (Classic),Shinpo 146 CB 82 Container Sprinter Box Plastik 82 Liter Dengan Roda CB82 Kotak Kontainer,1893973283,4161209908,0,random_negative
train_1550089161,train_242628912,tote lidya tas wanita,Pedigree Meat Jerky Roasted Lamb / Smokey Beef 80 gram,3251326869,784593913,0,random_negative
train_1542356102,train_2579160491,SANDISK FLASHDISK 128GB / USB FLASH 128GB / SANDISK BLADE CZ50 128GB,Neutrogena Hydro Boost Water Gel 50 gr,2321229503,576861546,0,random_negative
train_3883689826,train_3508880276,Dispenser sabun cair SINGLE with key lock / Tempat sabun cair,Benih-Bibit Herba Lemon Balm (Haira Seed),3079199889,2289211172,0,random_negative
train_867040586,train_1336367748,OZUKO Tas Selempang Dada Bahan Nilon Oxford Anti Air dengan Port USB imitation,Baby Safe Training Cup Soft Spout 6m+ 125ml Botol Susu AP005,1680626217,4028730454,0,random_negative
train_2377621459,train_2978991111,Tenda AC6 AC1200 Smart Dual-Band Wireless Router,Kaos Kaki pendek Serat Arang Bambu Import SCH0010,3087853939,3341978670,0,random_negative
train_2966251053,train_1786025156,VEITHDIA  Kacamata aviator pria kacamata polarized pria 3088,Micro SD SAMSUNG 64GB - Memory Card 64 GB - MicroSD SAMSUNG - MMC,1660373367,2128654399,0,random_negative
train_2319224258,train_42091273,Entrasol Active Mochachino 350gr,Masker Sensi Duckbill box isi 50pc,3319530274,1860299582,0,random_negative
train_4160910470,train_3809881145,Lock & Lock Classic Food Container SQUARE SHORT 870ML,Sepatu Anak Laki-laki&Perempuan Sneaker CLASSIC Size 26-34 Untuk Usia 5-7 Tahun,314335243,815806391,0,random_negative
train_2552330451,train_1061078100,Puff Pastry Sheet Edo 750 GR Bahan Kue,[30 Pack] Detox rahim ala JSR / Promil / Hormonal / Detox JSR  / Rempah Pack Murah dan Praktis,1953855829,3756988179,0,random_negative
train_2344463199,train_3650104071,Tote bag aesthetic,Tes Kehamilan Testpack OneMed Tespek One Med hCG Urine Pregnancy,3791313765,2999794436,0,random_negative
train_564131899,train_3459045057,SLIT DRESS SECKER SWEATER / Slit Tuniq Knit / Atasan Wanita Rajut Halus / Slit Sweater Rajut Wanita,"Ranikone Henna 82 Nail Decoration Paste Green Pack, 6g",3436303170,743890405,0,random_negative
train_1341888517,train_1890945655,Frisian Flag UHT Swiss Chocolate 225ml,SOREX Korset Penyangga Kehamilan type 4427 ( Korset Ibu Hamil ) - Stagen ASLI,1464443785,3344097044,0,random_negative
train_2483309946,train_2227140623,Some By Mi AHA BHA PHA 30 Days Miracle Acne Clear Body Cleanser Somebymi (SKU H21-8809647390725),Emina Lip Creamy Tint,1149464099,4094230441,0,random_negative
train_3307042617,train_2044075971,Navy Club Tas Selempang pria Travel Eehh,Warasa bumbu jepang non msg,42911281,816961320,0,random_negative
train_1343196371,train_3481660864,Blackmores Bio C 1000 mg 150/90 Tablet,Milna Nature Puffs Organic 15g,347508552,1347996816,0,random_negative
train_3831685952,train_2295805311,Polyflex Korea Pvc Murah Kode 1-15 paling lengkap dan murah,Tas Selempang Totebag Camera,4196686200,3145779110,0,random_negative
train_3920580343,train_1572394485,Maybelline Color Sensational The Powder Mattes - Matte Lipstick Make Up,[READY STOCK GROSIR TERMURAH] NUVO Hand Sanitizer 50ml & 250ml ORIGINAL,1624239742,2499504560,0,random_negative
train_3069769924,train_1331766815,[COD] \xe2\x99\x95 exo \xe1\x83\xa6 1 PC Brush Scrub Pembersih Pori-Pori Wajah Bentuk Gurita Bahan Silikon,Gamis turkey samira / gamis Abaya terbaru dan terlaris,3753501224,2221933502,0,random_negative
train_3948077666,train_612248208,KAOS KAKI BALET INVISIBLE SOCK - FLAT SHOES,Cincin Titanium Polos 1 Mata Rose Gold Silver Rose Pria Wanita - BR316,3879389067,1255931483,0,random_negative
